,Unnamed: 0,Existing-Account-Status,Month-Duration,Credit-History,Purpose,Credit-Amount,Saving-Acount,Present-Employment,Installment rate,Sex,Guarantors,Residence,Property,Age,Installment,Housing,Existing credits,Job,Num people,Telephone,foreign worker,Status
0,756,1,23.126056198642484,4,1,6039.976505504583,0,4,3,2,0,4,1,34.07825820519932,2,0,2,2,1,1,0,1
1,722,2,9.787356101126608,2,5,954.173436087215,0,1,4,1,0,2,0,26.69011807367632,2,1,1,1,1,1,0,1
2,263,0,12.439110284963137,2,4,1590.6468198861398,4,2,2,2,0,4,1,53.34243594584393,2,1,1,2,1,0,0,2
3,627,1,23.273928885985974,2,7,997.3663298914903,0,1,4,2,0,1,1,36.9223253791541,2,1,2,2,1,0,0,2
4,959,1,27.174129861538333,4,0,706.3415452323513,4,3,4,2,0,2,2,28.795587766563784,2,0,1,2,1,0,0,2
5,478,3,9.167495892555248,2,4,1460.810402053895,0,1,2,2,0,4,1,28.564812218723258,2,1,1,2,1,0,0,1
6,321,1,35.9997671386749,2,3,2748.0466451175607,0,4,1,2,2,4,0,51.353314709833946,2,1,1,2,1,0,0,1
7,110,3,35.999613978833004,4,3,6015.600960870634,0,4,1,2,0,2,2,32.17034551257937,2,1,1,2,2,0,0,1
8,692,1,23.469626517702363,2,3,1223.8341326590983,0,1,4,2,0,4,2,27.55294530477955,2,1,1,2,1,0,0,2
9,963,3,9.490640844107444,2,4,1478.0801698297334,0,1,2,2,0,4,1,28.721926192384625,2,1,1,2,1,0,0,1
10,433,2,5.017892953806985,2,4,953.1855948001607,1,2,4,1,0,2,0,51.049107591241054,2,1,1,2,1,0,0,1
11,869,1,24.444255164121266,2,1,2414.0031818567204,4,1,3,1,0,4,0,68.06766602868434,2,1,1,3,1,1,0,1
12,32,3,9.189296201652983,4,0,5256.703244614395,1,2,4,2,0,2,2,36.72671313278638,2,1,1,2,1,1,0,1
13,816,3,9.721169012956759,2,4,1234.877123253543,0,2,2,2,0,2,0,51.29554372182838,2,1,1,1,1,0,0,1
14,816,3,10.266160816795677,4,1,1681.6483116824652,2,2,2,2,0,2,2,48.70699913019528,2,1,1,2,1,0,0,1
15,917,0,8.742600450345542,2,4,1256.7117155873857,0,3,3,2,0,2,0,27.067369893863066,2,0,1,2,1,0,0,1
16,110,3,25.61762087506875,3,3,1224.3683065613423,0,2,3,1,0,4,0,27.016892499784305,2,0,2,2,1,1,0,1
17,614,3,17.9992590970397,3,0,622.5200892771846,0,0,3,2,0,2,3,25.326433969990063,2,2,3,0,1,0,0,1
18,304,0,10.474238626705413,2,4,1627.8473008168326,0,2,3,2,0,2,2,27.287574551866275,2,1,1,1,1,0,0,1
19,595,0,9.593161661495582,4,0,5067.801458558876,0,4,1,1,0,4,3,39.74550993522362,2,0,2,2,2,1,0,2
20,14,3,8.286951876073525,2,3,1430.616704307029,0,4,4,2,0,2,2,25.95812047263686,2,1,1,2,1,1,0,1
21,393,1,44.796481055532475,3,4,12504.516586659398,0,3,4,2,0,2,2,23.889985468732124,2,1,2,3,1,1,0,1
22,32,1,10.46002696627228,4,0,1178.1589489437442,4,4,4,2,0,4,2,38.38377928632715,2,1,3,3,1,1,0,2
23,12,3,8.532745414098091,2,3,1068.5176593357282,0,4,3,2,0,2,2,27.726691155370595,2,1,1,2,1,0,0,1
24,949,1,24.49439554291337,2,4,3047.019763039775,4,4,4,2,0,4,2,24.489061890608706,2,0,1,2,1,1,0,1
25,500,0,28.552886821731022,1,3,7961.574466573213,1,4,1,1,0,4,1,24.023678222337264,0,0,3,2,1,0,0,2
26,869,3,22.575085788890366,4,0,816.5681266696491,4,1,3,1,0,4,1,35.1110749665096,2,1,2,2,1,1,0,1
27,823,3,8.892613507510367,2,4,1335.9651858553143,0,1,2,2,0,4,0,28.566794548548263,2,1,1,2,1,0,0,1
28,917,3,17.999332566142083,1,3,944.6943166480689,0,4,4,3,0,1,0,35.14798182505086,0,1,2,2,1,0,0,2
29,158,3,22.990357536169743,4,4,2271.594122122903,4,4,3,1,0,4,0,42.09477813008312,2,1,2,2,1,1,0,1
30,270,1,11.121365547816442,4,0,973.9588406297532,1,4,4,2,0,4,2,45.385119293187586,2,1,3,3,1,1,0,2
31,270,1,9.767017900969229,2,7,949.099568498935,0,1,4,2,0,4,0,53.15603690500941,2,0,2,1,1,1,0,1
32,963,1,22.2823602709406,2,0,895.2220494487755,4,0,4,2,0,2,0,26.638964970666592,2,0,1,2,1,0,0,1
33,493,3,23.025946444994,4,6,1801.6154394227306,4,4,3,1,0,4,0,33.68598400274393,2,1,2,2,1,1,0,2
34,110,3,24.3145701730111,0,1,2579.16686616673,1,3,3,1,0,4,2,35.20767012166553,2,0,2,2,1,0,0,1
35,869,3,23.672965541754593,2,4,3058.8832621885426,1,3,2,1,0,4,1,27.006514962193176,2,0,1,1,1,0,0,2
36,419,3,35.99976667480175,4,4,6358.739842252602,0,4,4,2,0,2,2,37.16156803253999,2,1,2,2,1,0,0,1
37,917,3,35.999615522861525,2,1,8490.319810943225,0,2,1,2,0,2,2,25.10378764258581,2,1,1,2,2,1,0,1
38,321,0,10.202306760326149,0,3,1140.1336726685242,1,2,2,1,0,4,1,26.202050927414206,2,0,2,2,1,0,0,2
39,614,0,22.25344858332524,2,7,738.981573200038,3,1,4,1,0,3,1,65.10495210028817,2,1,1,2,1,1,0,2
40,170,3,5.4742291057414825,4,0,2508.3363673377053,0,4,1,2,0,4,0,34.67513464028241,2,0,2,2,2,0,0,1
41,917,0,17.999700931847094,2,4,901.382383869147,0,3,4,2,0,4,2,50.411855041524326,2,1,2,1,1,0,0,1
42,917,0,10.006594166034555,2,0,1114.5458604184973,0,2,3,2,0,2,0,36.68532288055607,2,0,1,1,2,0,0,1
43,917,0,46.20247063532296,2,9,5549.926642495944,4,2,3,1,1,4,2,38.1609343192593,2,0,1,0,1,0,0,2
44,194,3,22.400973567939115,2,1,688.6111488391467,4,4,3,3,0,4,0,25.387158035851005,2,0,1,2,1,0,1,2
45,309,1,10.576495508113075,4,0,1304.2453480567208,0,1,2,2,0,3,1,37.70820389864748,2,1,2,2,1,1,0,2
46,627,1,23.232207564051457,1,9,1723.1641831972365,1,3,4,3,0,4,2,37.16180823054284,0,0,1,2,2,0,0,2
47,917,1,53.699310417004405,2,2,14226.370392346986,4,4,2,2,1,4,3,35.38588724318074,2,1,1,3,1,1,0,2
48,744,3,23.48841978696199,2,0,1100.0767540291017,4,3,4,2,0,4,2,43.38947410799245,2,1,1,1,1,1,0,2
49,400,2,26.892632389240433,2,0,2281.999498323475,4,4,4,3,0,4,3,44.85198843159929,2,1,1,3,1,1,0,1
50,816,3,17.999753342166542,4,4,1507.3087868417942,0,1,4,2,0,4,1,27.415801563422924,2,1,2,3,1,0,0,1
51,439,1,44.686621495682715,2,4,4226.118985105117,4,2,4,1,0,1,3,41.98593437258513,2,0,1,2,1,0,0,1
52,756,0,21.885100727303247,1,7,3686.234843766802,0,3,2,2,0,2,0,36.2363187945201,2,1,1,2,1,0,0,1
53,722,0,10.33574142188571,2,0,2557.675690427947,0,2,2,2,0,2,3,43.6563688610452,2,2,1,1,2,0,0,1
54,816,0,7.515543234924751,2,4,2731.567106003785,0,3,4,2,0,2,2,36.92640221413893,2,1,1,2,1,1,0,1
55,313,1,10.242404230268443,2,4,852.9254232985638,0,2,4,2,0,2,1,27.612756851071506,2,1,1,1,1,0,0,2
56,963,3,11.09165207951928,4,3,1492.774066459748,4,2,4,1,0,4,2,37.12956146724255,2,1,2,2,1,1,0,1
57,12,1,6.433680307690491,2,3,572.761662910097,2,2,3,1,0,2,2,28.197248916097642,2,1,1,2,1,0,1,1
58,126,3,9.373362334259454,3,4,688.4522277590489,3,4,4,3,0,4,0,42.14495659976295,2,1,2,2,1,0,0,1
59,32,1,10.7374844617821,2,3,883.3881987277036,2,3,4,1,0,2,1,34.646062608818056,2,1,1,1,2,0,0,2
60,812,1,45.85140577563621,1,1,5121.891516244205,0,3,4,2,0,2,2,42.62792122169381,2,1,2,2,1,0,0,2
61,385,3,8.464991550598985,4,7,596.4253828899368,0,1,4,1,0,1,1,28.589700219499694,2,1,1,2,1,0,0,1
62,536,3,17.999352758288385,2,4,895.0943389841957,3,4,4,3,0,4,0,50.02845028677029,0,0,2,2,1,0,0,1
63,218,3,23.93127537075918,4,0,681.5508014908493,0,4,4,2,0,4,3,38.09159546919955,2,2,1,2,1,1,0,1
64,12,1,5.51373825217385,4,0,2529.1946273212748,0,2,1,2,0,4,0,40.721758538755054,2,1,1,2,2,0,0,1
65,426,1,24.428682950147188,2,4,1109.8596118043497,0,1,4,1,0,1,1,26.655101009157345,2,1,1,2,1,1,0,1
66,634,3,9.824142311195383,2,4,1217.7739252674296,0,1,2,2,0,4,1,28.484342870665046,2,1,1,2,1,0,0,1
67,722,1,10.132034104651032,2,4,3102.977592575929,0,3,3,2,0,2,3,25.93554757916122,2,1,1,1,1,0,0,1
68,614,3,45.78561318012777,3,9,5184.476611285172,0,2,4,1,0,2,2,42.185435348162066,2,2,1,1,1,1,0,2
69,109,1,23.76620096882516,2,9,2391.7579630466334,4,2,3,2,0,4,1,25.169822426321467,2,1,1,1,1,1,0,1
70,385,3,22.532288138760983,2,4,2690.8299618991045,0,4,4,2,0,4,3,43.716617229893274,2,2,2,3,1,1,0,1
71,917,0,9.300174317090377,2,0,1158.9817127681326,0,0,4,2,0,3,1,37.12731369288059,2,2,2,2,2,0,0,2
72,367,2,10.775411726986908,2,0,804.4209551099809,4,2,4,2,0,4,1,53.92343345867791,2,1,1,2,1,1,0,1
73,641,1,10.036340085385199,2,3,1140.948354086563,4,1,3,1,0,4,1,26.759650732656524,1,0,1,2,1,0,0,1
74,426,1,23.558692834018125,2,4,973.0654072369906,4,1,2,3,0,1,1,28.254839898022954,2,1,1,2,1,1,0,2
75,170,0,41.9410432721851,2,9,5754.2676951988715,0,3,4,2,0,1,2,41.95321894294836,2,1,1,2,1,0,0,1
76,254,1,9.494519136379305,4,1,503.66696119307915,0,1,4,2,0,1,0,36.896362224635176,2,1,2,2,1,0,0,1
77,238,3,23.35881636283088,2,4,2800.5952828854374,0,1,4,2,0,4,1,29.020791424873803,2,1,1,2,1,1,0,1
78,321,1,48.510148903139154,2,9,2886.406765377702,4,2,2,2,0,2,1,27.78863350143829,2,1,1,1,1,0,0,2
79,155,3,17.99968407636881,2,0,3358.6416380220744,0,2,2,2,0,4,2,43.65851019192085,2,1,2,3,2,1,0,1
80,385,3,10.290403654739045,2,4,1471.0788295241937,0,1,2,2,0,4,1,28.483947292106645,2,1,1,2,1,0,0,1
81,457,3,40.199087130082404,1,1,8320.145671321956,0,3,3,2,0,4,3,38.47501534102686,2,2,2,2,2,0,0,1
82,722,3,9.16400200325186,2,0,963.1333795901686,0,3,2,2,0,3,2,27.438667642387493,2,1,1,1,2,0,0,1
83,692,0,17.999814650356768,2,4,1659.1779169340102,0,1,4,1,0,1,2,26.159859009862114,2,1,1,2,1,0,0,2
84,571,1,23.47464598151589,4,0,982.7006472361393,4,2,4,2,0,2,2,25.900576335540833,2,1,1,1,1,1,0,1
85,949,1,23.271738738446594,2,4,797.3828094752089,4,2,3,1,0,1,2,27.177444662063472,2,1,1,1,1,0,0,2
86,816,0,9.405303921857291,2,0,1314.761267272777,0,2,3,1,0,1,2,26.50984696875041,2,1,1,1,1,0,0,2
87,627,1,23.130298077029515,0,8,6730.9562584799105,4,2,2,1,0,4,2,36.28993320205982,0,1,2,2,1,1,0,1
88,692,3,23.662714797041573,2,4,973.658105260982,0,2,4,2,0,4,1,29.11822286751075,2,1,1,2,1,1,0,1
89,110,0,21.049818161600776,4,1,2611.069253223681,0,2,3,1,0,4,0,25.979024529735202,2,1,2,2,1,1,0,1
90,817,2,4.976279028914711,2,4,1932.7467899104745,0,2,1,2,0,2,0,28.072269300739343,2,1,2,2,1,0,0,2
91,367,0,18.00119714653492,2,4,5298.718341711897,4,0,4,2,0,1,3,27.850084019462287,0,0,3,0,1,0,0,1
92,126,3,8.77123466951252,2,5,457.59962031139,4,4,4,1,0,4,0,26.613783016453212,2,0,1,2,1,1,0,2
93,823,1,9.704459337073107,2,7,1318.5342764062602,0,2,3,1,0,2,2,35.86702760869242,2,1,1,2,1,0,0,2
94,722,3,5.549490859287602,2,0,587.0073350335886,0,2,1,2,0,2,2,25.906833490688797,2,1,1,2,2,0,0,1
95,426,1,17.99967523416877,2,0,598.852320352629,0,1,2,2,2,1,1,23.655140820310724,0,1,2,1,1,0,0,1
96,823,1,9.388233012744248,2,4,1351.9190908838282,0,1,1,2,0,1,1,27.35004149175991,2,1,1,2,1,1,0,1
97,817,3,5.502424978493401,2,9,1710.506355355882,0,2,3,2,0,2,2,26.508324554462455,2,1,1,2,1,0,0,1
98,823,3,9.111687237241892,2,4,1165.3419638338503,0,2,4,2,0,1,0,29.17022216391212,2,1,1,2,1,0,0,1
99,776,1,23.172398739794616,3,1,8002.996104788141,0,2,2,2,0,4,2,27.063769582885264,2,1,2,2,1,1,0,2
100,385,0,9.025077142302118,4,3,798.4208239355339,0,2,3,2,0,4,1,66.97177963022314,2,1,1,1,1,0,0,2
101,869,3,21.100953875049274,4,5,717.0612613324398,4,1,4,1,0,4,0,37.73702693331508,2,1,1,2,1,1,0,1
102,818,1,51.71898292196479,2,2,9819.262297123245,4,2,1,1,1,4,2,38.32710852247782,2,0,1,2,1,0,0,1
103,668,0,6.936955309417273,2,3,1089.2207234569123,0,2,2,2,0,2,1,43.35765850702985,2,0,1,2,1,0,0,1
104,238,3,12.128311583837245,2,4,729.247572691028,2,1,4,3,0,3,1,36.8083347363088,2,1,1,2,1,0,0,2
105,917,1,50.407727408247354,4,1,8126.828897850529,0,3,3,2,0,2,2,26.431078881541495,2,1,1,2,1,0,0,1
106,478,3,10.036057173030581,4,0,1421.9624877625042,0,1,4,2,0,4,1,28.57056397874581,2,1,2,2,1,0,0,1
107,155,3,22.781506363976693,4,0,890.5833084526276,4,4,4,1,0,4,2,35.73072939271589,2,0,2,2,1,1,0,1
108,393,3,44.90767957809973,2,1,7897.57309988084,0,3,1,2,0,2,2,28.09873893312891,2,1,2,2,1,0,0,1
109,367,3,23.87866848561576,2,4,3965.3171885158035,1,3,3,2,0,4,3,37.61117987032031,2,0,1,2,1,1,0,1
110,385,0,9.3819980270115,2,3,1085.3466256703564,0,3,4,1,0,1,1,26.352700655944602,2,1,1,1,2,0,0,2
111,692,0,17.999614625453948,2,0,6033.3350577743495,4,2,4,2,0,4,1,25.215622398327238,2,0,1,2,1,0,0,1
112,816,3,10.579179697784623,4,1,3055.445648534976,0,2,4,2,0,3,2,36.133936935665744,2,1,2,2,1,0,0,1
113,816,3,23.053721850213158,2,4,2514.680355813731,0,1,4,1,0,4,0,69.37483345680997,2,1,1,2,1,1,0,1
114,627,3,22.11952545107872,3,4,2824.468450878745,0,2,3,1,0,2,2,25.367275173632574,2,1,2,2,1,1,0,1
115,32,2,35.99978011682634,3,9,3361.2982698114365,0,2,2,1,0,2,2,25.18740818002085,2,1,1,3,1,0,0,1
116,126,3,10.506051997976844,4,1,3025.839453190903,0,2,3,2,0,2,2,36.101164966007275,2,1,1,2,1,0,0,1
117,756,0,17.999363016426564,2,3,990.7487346478731,4,1,1,1,0,4,0,27.131639293089663,2,1,1,2,1,0,0,1
118,10,0,19.996902794210595,4,3,1113.6778678950327,0,2,3,2,0,2,0,27.740221716881038,2,1,2,2,1,0,0,1
119,493,3,44.41038498052096,1,9,4740.598177202569,1,1,4,1,0,4,2,34.162472504875936,2,0,1,1,1,0,0,2
120,110,0,44.7217205997708,1,0,4532.369566158706,4,2,4,2,0,4,2,34.61223487459951,2,0,1,0,1,0,0,2
121,270,3,9.982314739584297,2,7,1670.303101106187,4,4,4,1,0,2,2,31.671073826221562,2,1,1,2,1,0,0,1
122,385,3,17.999693954110146,2,9,2166.6048615383115,0,3,2,1,0,1,1,25.672371813679117,2,0,1,2,1,1,0,1
123,270,0,9.392885836293985,2,4,634.239759757269,0,2,4,2,0,4,2,43.798537624813896,2,1,1,1,1,1,0,1
124,182,0,35.9996343108118,2,1,5735.030095694844,2,4,4,2,0,2,2,35.7769306803219,2,0,1,3,1,1,0,1
125,614,3,23.61143220370934,2,4,2833.032798851894,0,3,4,2,0,2,2,28.120084133701567,2,1,1,2,1,0,0,2
126,52,1,9.372495750234416,2,4,477.533249971735,0,1,4,2,0,1,0,26.974365415584803,2,1,1,2,1,0,0,1
127,198,1,17.999472695708274,4,4,3053.6153423361347,0,2,4,1,0,1,0,41.82137737518097,2,1,1,3,1,0,0,1
128,861,3,5.5155442394039,4,4,5882.096299412665,0,4,1,2,0,4,3,44.48659405427978,2,2,2,3,2,0,0,1
129,418,3,35.99946235346798,2,9,7903.752230544599,0,2,3,2,0,2,2,25.759682661333642,2,1,1,2,1,0,0,1
130,110,1,22.064230751067722,3,3,1057.8563830043722,0,3,4,2,0,4,0,26.65913973312761,0,1,1,1,1,0,0,2
131,426,1,22.42976629629484,2,3,717.6733268086554,1,1,4,1,0,1,1,27.34349277234662,2,1,1,2,1,0,0,2
132,627,1,22.718634813355827,2,3,1587.4738727948502,1,3,4,3,0,2,3,36.89800587562141,0,2,1,2,1,1,0,1
133,722,3,12.173689383641204,2,4,1735.2609622657951,3,2,3,3,0,2,1,26.10553381222388,2,1,1,2,1,0,0,1
134,823,3,17.99996640113741,2,4,1386.6894205019607,0,1,4,2,0,4,1,26.90966016319248,2,1,1,2,1,0,0,1
135,523,1,35.99971836879854,2,3,2824.6907202331613,0,2,1,2,0,2,2,25.087097444270313,2,1,1,2,1,0,0,1
136,756,1,9.580755652823305,2,0,1363.9882105987965,2,0,1,0,0,2,2,31.985628350094434,2,1,1,2,1,0,0,2
137,859,3,36.05341317566513,2,9,1154.0212493731028,4,2,4,2,0,2,2,28.424323466442054,2,1,1,2,2,1,0,1
138,821,3,17.99932334536314,2,9,1226.184224525204,0,1,4,3,0,4,0,27.739677497716787,0,1,1,2,1,0,0,1
139,393,0,21.149630675290684,2,1,859.6476837630862,4,2,4,2,2,4,3,26.969256684038545,2,1,1,2,1,1,0,1
140,426,3,17.99973779466748,2,4,1249.7404956346463,0,1,2,2,0,1,2,27.06730982326231,2,1,1,3,1,0,0,1
141,614,3,28.52189255611957,4,4,2226.606921491414,4,3,4,1,0,2,3,28.829113987991228,2,1,1,2,1,1,0,1
142,270,3,9.012019428806632,2,9,1428.0162737809126,0,3,3,1,0,4,0,29.245213824063736,2,0,1,2,1,0,0,1
143,745,3,8.272740327463458,2,4,3911.0584236585673,0,4,4,2,0,4,0,45.25219692720315,2,1,2,2,1,0,0,1
144,959,1,23.36575768308759,2,0,1305.0120494798766,1,2,4,2,0,4,1,38.149093863931775,0,1,1,2,2,1,0,2
145,917,3,9.323718081960177,2,3,1030.9047174680106,3,2,4,0,0,1,0,36.240205321570656,2,1,1,2,1,0,0,1
146,614,3,23.481036245149024,4,3,2833.2610005758656,4,4,4,2,0,4,1,36.51572422303113,2,1,1,2,1,0,0,1
147,438,0,17.999428464591503,3,9,1839.0753649213943,0,2,1,3,2,4,0,25.35805559499774,0,1,3,3,1,0,0,1
148,917,1,45.92137209869912,2,4,2252.7447472495933,0,1,4,1,0,1,2,43.43447368580392,0,1,1,2,1,0,0,1
149,126,3,9.610473571678456,2,3,1850.4974379648622,0,2,2,2,0,2,2,26.142820504455287,2,1,1,2,1,1,0,2
150,12,1,5.092446912080462,2,4,464.79756429761517,0,2,4,1,0,1,0,28.29815421427159,2,1,1,2,1,0,0,1
151,614,3,23.162227248524516,2,1,5076.029484331041,4,2,4,2,0,4,3,28.207738232789616,2,2,1,1,1,0,0,1
152,426,3,22.991542857622438,3,4,664.582753905231,2,4,4,2,0,2,2,27.280383657252276,2,1,1,3,1,0,0,1
153,32,3,22.572913358687526,2,0,1612.9695715525909,4,0,4,2,0,2,2,43.83698782869297,2,1,1,2,1,1,0,1
154,46,3,4.93915484481408,2,4,772.3371171814308,0,2,4,1,0,1,0,36.081197327801036,2,1,1,2,2,0,0,1
155,267,2,17.9998569355309,2,1,6294.705373297927,4,0,2,2,0,4,3,36.310567190163674,0,0,1,3,2,1,0,1
156,198,3,9.004410987459512,4,0,1342.171509539417,4,4,2,1,0,2,0,43.38221714409442,2,1,2,1,1,0,0,1
157,418,1,23.910377535023287,2,0,2476.5066274948213,2,2,1,3,0,2,2,25.78772801640296,2,1,1,2,1,0,0,1
158,627,1,23.01552517091677,4,0,1101.3633736949812,0,2,4,1,0,4,2,35.394337532285334,1,1,2,1,1,0,0,2
159,722,0,9.368396585044437,2,5,548.9281571818385,0,2,3,2,0,2,0,27.185875195438562,2,1,1,1,1,0,0,1
160,722,3,10.327139410240862,2,4,1385.523758841817,0,3,4,2,0,2,1,35.28983253353121,2,2,2,2,1,1,0,1
161,746,0,22.9622518291765,0,3,5496.3792512808095,0,2,2,0,0,4,1,25.744300513148776,2,1,1,2,1,0,0,2
162,816,1,47.89626380231634,4,0,815.9098357412607,4,2,4,1,0,4,2,38.1852113708791,2,1,1,2,1,1,0,1
163,803,3,9.608883984443924,2,4,1344.8088234213046,0,1,2,2,0,4,0,28.630983398560208,2,1,1,2,1,1,0,1
164,796,3,23.623243181371503,2,1,5730.4164333939725,4,0,2,2,0,4,1,52.72699804523164,2,2,1,2,2,1,0,2
165,270,1,9.324988034145523,2,1,698.9852200253238,0,2,4,2,0,4,2,42.52535950321481,0,1,1,1,2,0,0,1
166,963,0,28.002262374612968,3,3,4184.451674629701,0,3,4,2,0,4,1,36.33132417996385,2,1,1,2,1,0,0,1
167,627,1,22.935424301462284,3,3,5418.4262965746675,0,2,3,3,0,2,2,25.233909821867076,2,1,2,3,1,0,0,1
168,817,3,23.57264982406882,2,4,780.260362131092,0,2,4,2,0,2,0,51.94765797146826,2,1,1,2,1,0,0,1
169,238,1,22.580058981981228,4,4,1137.4190914249755,4,4,4,2,0,4,1,35.713871629256445,0,1,2,2,1,1,0,2
170,127,1,24.329576183620766,4,0,995.4774634403312,0,2,4,2,0,4,2,44.334872447179606,2,0,2,2,2,0,0,2
171,796,1,35.99911603373293,2,1,14116.329373987857,1,4,2,1,0,3,2,44.347885966060325,2,1,1,3,1,1,0,2
172,614,0,35.999217243015806,2,4,4295.235661270303,0,2,1,2,0,2,0,32.97093684006608,2,1,1,3,2,1,0,2
173,929,1,24.663465164689764,2,6,2710.0126192390885,4,4,4,2,0,4,3,67.23020786449982,2,2,2,3,1,1,0,1
174,110,0,23.419131080322167,2,1,3004.8793947182785,4,2,3,1,0,4,2,47.52555574534462,2,1,1,3,1,1,0,1
175,313,3,7.278596422140623,2,3,1587.4065506536472,0,3,2,2,0,2,0,52.2288757730109,2,1,2,1,1,0,0,1
176,426,0,17.99958056375384,4,4,1324.3308300145138,0,4,4,1,0,2,2,25.470655270631845,2,0,2,2,1,0,0,2
177,834,3,17.999801607608795,4,4,1663.0896867770266,0,1,4,2,0,4,0,27.05797788956562,2,1,2,2,1,0,0,1
178,627,1,23.54903870479407,2,9,6354.409464215744,1,1,1,2,0,2,2,26.951330388055606,2,1,1,2,1,0,0,1
179,803,1,9.015073182525919,2,0,648.1484247155763,0,1,4,2,0,4,2,28.62376775895442,2,1,1,2,1,0,0,2
180,869,3,10.755007981739942,2,0,1784.14954034309,0,2,2,1,0,2,0,24.09552846311744,2,0,2,2,1,0,0,1
181,917,0,49.18037770285374,0,2,16289.606675767958,0,2,2,2,1,4,1,33.803481305122254,2,0,1,0,1,0,0,2
182,493,0,22.80075087165135,2,4,2492.217098109484,4,2,4,2,0,4,3,27.67822953951953,2,2,1,2,1,1,0,1
183,817,0,22.317536618928255,2,0,932.3139933551786,0,2,3,3,0,2,0,60.193856788487786,2,1,1,2,1,1,0,2
184,270,3,7.414273046696315,2,4,3669.2830248226237,0,4,2,3,0,2,0,27.03080720596039,2,1,1,1,1,0,0,1
185,140,3,17.999394788742066,2,4,3214.6200526580565,4,4,2,2,0,1,2,27.999722104466287,2,1,1,2,1,0,0,2
186,350,0,22.8678987861893,2,3,1335.74537033375,0,0,4,2,0,4,1,36.520594037978526,2,1,1,2,2,1,0,2
187,816,3,9.686704875927928,2,1,2581.418394917011,0,2,3,2,0,2,2,34.58131954116544,2,1,1,1,1,0,0,1
188,816,3,10.287453717553367,2,9,1144.380205886528,0,4,4,3,0,2,0,53.329401803422584,2,1,1,2,1,0,0,1
189,869,0,22.313401519131986,2,0,634.1245672801025,1,2,4,1,0,4,0,24.902908439196114,2,0,2,2,1,0,0,2
190,722,3,7.974727922889524,4,0,640.2052724543954,0,4,4,2,0,4,0,27.409281343413973,2,1,2,2,1,0,0,1
191,321,2,8.767373463805002,2,7,1097.024861949515,0,1,4,1,0,4,1,35.19748365817481,2,1,1,2,1,1,0,2
192,393,3,47.354193485285684,3,0,8190.568076001317,0,2,2,1,0,3,2,26.74745102506656,2,0,2,1,1,1,0,1
193,493,0,22.323190505761406,1,3,916.0490112782651,0,3,4,2,0,2,2,36.492553098167626,2,1,1,2,1,1,0,1
194,855,0,23.07094341771204,2,4,3052.1023935955295,0,1,4,2,0,4,2,28.795864569161594,2,1,1,2,1,1,0,1
195,959,1,35.999401238918345,1,0,1782.7249191448113,4,3,3,2,0,2,2,43.34742099085958,2,0,1,1,1,0,0,1
196,457,3,10.780214566769585,2,3,2987.251066827849,2,4,1,1,0,1,0,25.07331627572233,2,1,1,2,1,0,0,1
197,52,3,13.36363619156298,2,0,3764.025859871817,1,4,1,1,0,3,2,23.78771953731999,2,1,1,1,1,0,0,2
198,113,1,22.86592899802315,2,0,6908.063808464115,0,4,4,2,0,4,3,44.875262085812494,2,1,1,2,1,1,0,1
199,32,1,9.739950009839248,2,0,2996.489662639181,1,2,1,0,0,4,2,35.61420125027407,0,0,1,2,1,1,0,2
200,959,1,11.850073254422043,2,4,1245.3868172170985,0,3,3,3,0,4,2,26.92875561737369,2,0,1,2,1,1,0,2
201,386,0,42.217995891109325,2,0,6576.207396492385,0,1,4,1,1,4,2,40.176617739380326,2,0,2,2,1,0,0,2
202,783,1,8.941074403405885,1,9,1010.2010797463251,1,1,3,2,0,4,1,48.72637483338913,0,1,2,1,2,0,0,2
203,917,3,9.288359002577007,2,6,1007.0819751844551,4,4,4,2,0,4,2,37.46648052963403,2,1,1,2,1,1,0,1
204,127,1,10.805789144732902,2,0,3524.3358834385967,0,4,3,2,0,2,0,27.09482369430539,2,1,1,1,1,0,0,1
205,358,2,11.574367493784466,2,9,2825.9331140212457,0,4,2,2,0,4,0,68.38531402536645,2,1,1,2,1,1,0,2
206,929,3,10.272329021793967,4,7,4980.187351914797,4,4,1,2,0,4,3,36.44990489053571,2,1,1,2,1,1,0,1
207,803,1,35.999580138951586,3,3,3271.6607949245076,1,1,4,3,0,4,2,45.52471414163698,2,1,1,2,1,0,0,2
208,218,0,10.92273566867417,2,0,939.8423987126306,0,4,3,1,0,4,2,67.42228316045181,2,1,3,1,1,1,0,1
209,553,1,23.15534801804095,2,1,874.0761657404992,4,4,4,2,0,2,0,34.571059058954816,2,1,2,2,1,0,0,1
210,126,3,10.14989810767075,2,4,718.8753910123851,0,4,4,1,0,4,0,29.341369790365277,2,0,1,2,1,0,0,1
211,963,3,23.322899604185363,2,4,3101.6196148334698,1,3,3,2,0,1,2,33.81838303773433,2,1,1,2,1,1,0,2
212,483,1,10.132619923324302,4,0,1585.1301664519735,0,4,4,1,0,3,0,37.09563513210667,2,1,2,2,1,1,0,1
213,679,0,9.694243808057802,2,1,1755.0433975822084,3,2,2,1,0,4,0,23.875504699536965,2,1,1,2,1,1,0,1
214,194,3,23.00249707551044,0,6,2977.7169709362747,4,4,3,1,0,4,0,35.33604615759054,2,1,2,2,1,0,0,1
215,126,0,48.6980670959667,4,0,2590.0031171757646,4,0,3,1,0,4,3,38.80286965008743,2,0,3,0,1,0,0,1
216,840,1,10.135760943763566,2,7,945.3299672272545,0,3,4,2,0,3,2,36.33938623362578,1,1,1,2,1,0,0,2
217,426,1,9.051575988218588,2,4,1639.5283207454834,0,1,4,2,0,2,1,25.135539690765732,2,1,1,2,1,1,0,1
218,756,1,17.9994605987072,4,3,698.1246843083777,0,0,3,2,0,1,2,27.926840765476513,0,1,3,0,1,0,0,1
219,722,3,6.088255818112909,4,4,1204.3081136374205,0,4,1,1,0,2,0,47.434554046854196,2,1,2,1,2,0,0,1
220,110,0,35.99906816691164,3,4,2080.3173958039442,0,2,4,2,0,2,2,25.801005645699917,2,1,1,2,1,1,0,2
221,614,0,52.53573872851619,2,4,10023.181386837312,0,2,1,2,0,1,2,28.749653552977556,2,1,2,1,1,0,0,1
222,917,0,35.99963881346588,2,0,3021.6169432817446,4,4,4,2,0,2,3,42.634601848261696,0,2,1,2,1,1,0,2
223,812,3,19.77758558002745,3,1,7835.098801819137,1,2,1,1,2,4,1,35.445047067905456,2,1,2,2,1,1,0,1
224,426,3,9.344232694185004,2,4,1652.631009516891,0,1,2,2,0,4,0,28.429964983259808,2,1,1,2,1,0,0,1
225,20,3,35.99931292974953,3,1,5840.1812651720165,0,2,4,3,0,2,0,25.874963221177413,2,1,2,2,1,1,0,1
226,823,1,5.17199515681516,2,4,878.7937261937826,0,1,3,2,0,1,0,26.013186270813843,2,1,1,2,1,0,0,1
227,817,3,22.145757391542247,2,4,2106.292729037635,2,4,3,2,0,2,2,25.200847462376238,2,1,1,2,1,1,0,1
228,386,1,24.010847251165515,4,1,4934.669988340457,0,0,4,2,0,4,2,45.66138620412556,2,1,1,3,1,1,0,2
229,225,1,10.434273175073734,4,4,1071.9111811257164,0,3,2,2,0,2,2,36.95465994897506,2,1,1,2,2,0,0,2
230,816,3,18.000084491081537,4,4,1806.0794347131825,0,1,4,2,0,4,1,26.79935535189599,2,1,2,2,1,0,0,1
231,182,3,41.63197027090548,4,9,592.9281068916046,0,2,4,1,0,4,0,39.80123103513609,2,1,2,2,1,1,0,1
232,803,3,24.159331740286436,4,9,691.994784455787,1,2,4,1,0,2,3,36.483924111908344,2,1,2,2,1,1,0,1
233,869,3,22.19915902578194,2,3,1803.7044924488832,4,4,4,1,0,4,0,31.730141671801686,2,0,2,2,2,1,0,1
234,110,3,23.013666116104,2,1,2796.681718139981,0,4,4,2,0,4,2,41.59559230175672,2,1,1,3,1,0,0,1
235,692,0,23.69679607125954,2,4,2860.5674545105235,0,1,4,2,0,4,1,29.097764390919732,2,1,1,2,1,1,0,1
236,313,3,8.713113334296686,2,3,3276.5310970996247,0,3,2,0,0,3,2,35.37942530008156,2,1,2,2,1,0,0,2
237,572,3,24.0935105695125,4,3,1304.9698561018167,0,2,4,2,0,4,2,45.076241878962136,2,1,1,2,2,1,0,1
238,304,2,21.663530247569295,4,9,2504.9774791457007,4,2,4,2,0,2,3,29.477092486572722,2,1,1,2,1,0,0,1
239,385,0,8.765961093763988,2,4,1161.7639788708484,0,1,2,2,0,4,0,28.721184525251406,2,1,1,2,1,1,0,1
240,692,3,41.0493251839401,2,4,1115.5034358438004,0,3,4,2,0,2,2,27.703776269042912,2,1,1,2,1,0,0,1
241,572,1,24.481208663787818,2,1,3354.3739393819105,0,3,2,2,0,4,0,43.733674011778874,2,1,1,3,1,1,0,1
242,658,3,13.010835315862906,1,7,770.5725195918429,4,1,3,1,0,2,2,28.81092010478673,2,1,1,1,1,0,0,2
243,917,1,47.953734388221825,3,0,4771.035104188266,1,2,4,1,0,2,1,26.44370454430047,2,1,1,1,1,0,0,2
244,45,1,10.427822326096182,2,4,960.6198621929688,0,4,4,2,0,2,2,51.24982406416042,2,1,2,1,2,0,0,1
245,949,3,22.866331592857946,2,4,602.1426952759804,4,4,4,2,0,2,2,36.42986468495701,2,1,1,2,1,0,0,1
246,951,3,5.228953711071207,2,3,3016.6842509352095,0,2,1,2,0,2,1,40.69975887826286,2,0,1,1,2,0,0,1
247,614,2,27.604311380279,2,0,2882.80022506974,4,0,2,1,0,1,2,26.193276779963472,2,1,1,2,1,0,0,1
248,478,0,35.999436290025756,2,3,6024.247854415676,0,2,4,2,0,2,0,26.13608833079253,2,1,1,2,1,1,0,2
249,929,3,7.256293714376158,4,1,2060.953670815126,4,2,4,2,0,4,0,35.641126829570254,2,1,2,2,1,0,0,1
250,254,3,17.999319352924825,2,7,1914.194896375626,4,1,4,1,0,4,1,24.58583767629079,2,0,1,2,1,0,0,2
251,385,3,4.959515588501376,2,4,1146.547639734139,2,2,2,1,0,2,2,26.692018233063074,2,1,1,2,1,1,0,1
252,170,3,9.529969373925116,2,3,1301.9292841968315,0,2,4,1,0,2,2,31.886412787118957,2,1,2,3,1,1,0,1
253,614,1,25.11863779734788,2,1,6203.729802911297,4,2,2,1,0,4,1,52.73147599582977,2,2,1,1,2,1,0,2
254,823,3,8.935712084872915,2,4,1300.529108502275,0,1,2,2,0,4,0,28.637228351867392,2,1,1,2,1,1,0,1
255,559,0,9.737399549371213,4,9,1415.871938591371,0,1,4,1,0,4,1,25.500571620728582,1,0,2,2,1,1,0,1
256,614,1,24.593615918647117,2,4,3051.0591231953986,1,3,3,1,0,3,2,26.43188428836046,2,1,1,1,1,0,0,1
257,426,1,10.658687473752074,2,4,1240.6240435478212,0,1,2,3,0,1,1,26.827838714651868,2,1,1,2,1,1,0,1
258,426,3,10.075311452333048,2,4,3342.5135522958603,0,4,2,2,0,2,2,42.71370731923581,2,1,2,3,1,1,0,1
259,110,1,35.99992941490565,4,1,3012.4149142073456,4,3,4,2,0,2,0,40.93987802265204,2,1,1,1,1,0,0,1
260,170,3,5.063357886143244,4,4,1218.7091977555895,0,2,4,2,0,1,0,29.330501107350905,2,1,1,2,1,0,0,1
261,869,2,21.702219848478734,4,3,1168.9742721384569,1,3,1,1,0,1,1,31.117273564849476,2,0,2,2,2,0,0,1
262,917,3,17.99935991203785,2,4,1223.581444767622,0,3,4,2,0,4,3,52.25000032063686,0,0,3,2,2,0,0,1
263,722,3,5.653496329146015,4,4,1070.2732142821174,0,2,1,2,0,4,0,41.802418377069515,2,1,1,1,2,0,0,1
264,917,0,22.570750261724474,4,9,614.1854715443911,0,4,4,2,0,4,0,70.49585235424486,2,1,1,2,1,0,0,1
265,140,3,17.99991575690359,4,4,1673.0172605846612,0,1,4,2,0,4,0,26.994485995046556,2,1,2,2,1,0,0,1
266,614,3,5.048648769622857,2,3,2277.5656842183826,2,4,1,0,0,4,0,33.52253494247299,2,1,1,2,1,1,0,2
267,823,3,9.630678478742276,4,4,1517.277550226611,0,1,4,2,0,4,0,28.693058514307992,2,1,1,2,1,0,0,1
268,478,0,9.397433635621011,2,4,1668.3819949327278,0,1,2,2,0,4,0,28.551463234256012,2,1,1,2,1,0,0,1
269,917,0,55.52126119762375,2,9,5550.38427215955,0,1,2,2,0,4,1,33.83057526339985,2,1,1,1,1,0,0,2
270,194,3,5.016836270571334,2,4,2560.8678401346547,4,3,1,1,0,2,0,47.91085807629574,2,1,2,2,1,0,0,1
271,823,3,9.320036687741286,2,4,1340.6828644028187,0,1,2,2,0,4,1,28.310946009785788,2,1,1,2,1,0,0,1
272,182,3,22.6742212472196,3,9,2451.9960215301635,3,4,4,3,0,2,2,39.536765402828564,2,1,2,2,1,1,0,1
273,917,3,10.312392900087517,2,4,1330.1394207979959,4,3,2,1,0,2,2,53.55927457112648,2,1,2,2,1,1,0,1
274,478,3,8.449152215995358,2,4,1535.6253389889232,0,1,2,2,0,4,1,28.4864511439655,2,1,1,2,1,0,0,1
275,614,1,21.745973760209818,2,0,607.3939066428154,4,3,4,2,0,2,0,28.25314495141294,2,1,1,2,1,0,0,1
276,812,3,35.99958678120379,2,4,1129.7824105375798,4,4,4,2,0,2,0,28.161700772858335,2,1,1,2,1,0,0,1
277,823,1,9.42738280457472,2,4,1378.0862143343795,0,1,1,3,0,1,1,26.801410210145207,2,1,1,2,1,1,0,2
278,155,3,47.19748904287269,1,1,7617.017481925164,1,3,4,2,0,1,2,29.851050065731837,0,1,2,1,1,1,0,1
279,457,3,49.64281418100578,4,2,14280.240653646824,4,2,2,2,1,3,2,32.87550049513913,2,1,1,3,1,1,0,1
280,52,3,21.40222104749787,2,4,661.9417622318932,1,1,3,2,0,2,1,26.360972650717123,2,1,1,2,1,0,0,2
281,929,3,9.856650975920783,4,3,1002.9838357902877,0,2,1,2,0,4,1,34.69255888279312,0,1,2,2,2,0,0,1
282,823,1,9.64403292592322,2,7,1542.5865462387924,0,1,3,1,0,2,1,34.342043325369794,2,0,1,2,1,1,0,2
283,614,0,22.315520955515705,0,0,1617.5361907209874,1,2,3,2,0,4,3,24.995755445466287,2,0,2,2,1,0,0,2
284,45,1,24.545436940216817,3,4,1243.5963401225351,1,2,2,2,0,4,1,42.157568595429765,2,1,1,1,1,0,0,2
285,627,3,23.16608219293673,4,4,2605.9917770218026,0,3,4,2,0,4,2,28.54262705367069,2,1,2,2,1,1,0,1
286,869,3,23.49629269110165,2,4,1054.1545340742705,1,4,4,2,0,4,1,28.539541267866994,2,1,1,1,1,1,0,2
287,155,3,23.342802500741122,3,9,1690.8596440404656,0,3,4,3,0,4,0,39.69667903048102,1,1,4,1,1,0,0,2
288,816,3,23.157390415648816,4,4,2102.334207520604,0,4,4,0,0,4,2,37.69146695986319,2,1,2,2,1,0,0,1
289,385,3,23.198809593719105,2,7,1021.0064647683602,4,4,4,1,0,4,1,49.605318616819304,2,0,2,1,1,0,0,1
290,182,3,44.526947124358784,2,4,3192.4831056706066,4,4,4,2,0,1,2,50.931194253589794,2,1,2,2,1,1,0,2
291,823,3,17.99972215500474,2,4,1429.3573665149981,0,1,4,2,0,4,1,27.19395366730978,2,1,1,2,1,0,0,2
292,800,0,8.058637446078718,2,8,700.411258354253,0,0,4,3,0,3,1,26.93290253668736,2,1,1,2,1,0,0,1
293,917,0,10.399486674512929,2,0,1168.7988516086418,0,4,3,2,0,4,3,68.27622365495439,2,0,1,2,2,0,0,1
294,478,0,10.424629531577791,2,3,1859.9810112431956,0,2,1,1,0,4,1,25.901172135213834,2,1,1,2,1,0,0,1
295,219,0,8.699468952272637,2,8,1103.856477662572,0,1,3,1,0,2,1,27.503832127696402,2,1,1,1,1,0,0,1
296,595,1,23.156539192542322,2,4,3215.8506364112573,0,3,2,2,2,3,0,37.50559724608515,0,1,1,1,1,0,0,1
297,800,3,8.643693396586542,2,0,5707.735075927415,0,4,2,2,0,4,3,45.692853881435354,2,2,2,2,2,1,0,1
298,426,3,17.999824283331634,2,4,1565.3884483358593,0,1,4,2,0,2,3,26.686334052466375,2,1,1,3,1,0,0,1
299,821,3,35.99941236793999,3,9,3863.665404042372,0,2,3,1,0,2,2,25.782439947661896,2,1,2,1,1,0,0,1
300,304,1,29.6181185854463,2,0,759.8949125167996,4,0,3,2,0,2,0,64.47708683596815,2,1,1,0,1,0,0,2
301,126,3,9.731387225725625,2,4,1830.0744933356043,0,1,4,2,0,2,2,64.81341130914757,2,1,2,2,1,1,0,2
302,800,3,10.409460173686204,2,7,1174.7079321387907,4,0,4,1,0,2,2,35.71093972599061,2,1,2,3,1,1,0,1
303,963,2,35.99931531852488,2,4,3289.9648461477,0,2,2,2,0,2,2,35.63631833405259,2,1,1,3,1,1,0,1
304,963,0,10.083991740123444,4,0,1876.5938651536142,0,2,4,2,0,3,2,41.25236929968826,2,1,2,2,2,0,0,1
305,110,0,23.405008543908167,2,4,1425.0550675188347,0,2,3,1,0,2,2,24.96720347935386,2,1,1,1,1,1,0,1
306,393,1,9.399469888906644,2,0,5039.193986436431,4,4,1,2,0,4,0,51.6865826010178,2,1,1,2,2,0,0,1
307,393,3,46.81486142931719,2,1,7598.6993796418,4,1,4,2,0,2,2,28.878698514504183,2,1,1,2,1,1,0,1
308,478,0,10.099954393203225,2,3,1484.7386952650122,0,1,2,1,0,4,2,26.31211187255023,2,0,1,2,1,0,0,2
309,393,1,47.335291116717784,2,1,8273.64842378654,0,3,4,2,1,2,2,38.24800500677978,2,1,1,2,1,0,0,1
310,426,3,8.741833433577638,2,4,1623.0423168988923,0,1,2,2,0,4,0,28.498557759189804,2,1,1,2,1,0,0,1
311,270,1,8.562040194475031,4,7,605.4451495510674,3,2,1,1,0,1,0,62.478249245922086,2,1,1,1,1,0,0,2
312,433,3,5.626899973516807,2,4,824.7060331716634,0,4,4,2,0,4,1,71.2571221288236,2,1,1,2,1,1,0,1
313,869,0,28.81965865631526,4,3,6168.5048516034,0,4,1,3,0,4,2,25.342017555207228,2,1,2,1,1,0,0,2
314,155,3,35.999719643592876,4,1,4671.646159039973,4,4,4,2,0,4,3,50.59615850627512,2,2,2,2,2,0,0,1
315,321,1,9.065710960393698,2,3,3227.3215476325367,4,1,4,1,0,4,1,27.04706295901487,2,0,1,3,1,1,0,1
316,722,3,10.309987764874842,2,4,839.9457887053128,0,2,4,3,0,2,2,25.90443668225132,2,1,1,1,1,0,0,1
317,823,3,8.835487844865884,2,4,1315.0508511729768,0,1,2,2,0,4,0,28.614472174797392,2,1,1,2,1,1,0,1
318,929,3,8.460399827172001,2,7,1176.0625572052938,0,4,1,1,0,1,0,25.409564092619075,2,1,1,2,1,0,0,1
319,929,0,23.596258491390742,4,0,2269.4967863550883,0,2,3,1,0,4,2,43.49048390137017,2,0,2,1,2,0,0,1
320,12,0,35.99965366086368,2,4,5850.196726056251,0,3,3,2,0,2,1,27.48786461113249,2,0,1,2,1,0,0,2
321,816,0,9.766958321640162,4,4,2125.4445717226085,0,1,2,2,0,4,1,27.868778775431625,2,0,1,2,1,0,0,1
322,109,0,22.762216930198665,2,3,801.3374812616105,4,0,1,1,0,4,2,28.266730293215552,2,1,1,2,1,0,1,2
323,627,1,24.117849800133353,2,4,2451.437406272335,4,4,4,2,0,4,2,26.11087459206383,2,1,1,2,1,1,0,2
324,110,0,23.10954459012928,4,3,1339.2216424313688,0,2,3,0,0,4,1,27.878344506636946,2,1,2,2,1,0,0,1
325,32,1,28.948050499369874,4,3,5422.203486581799,0,3,2,2,0,4,1,38.40765903158273,2,0,2,3,1,0,0,2
326,457,0,22.129653598150497,3,1,5401.784879419102,0,2,3,1,0,4,2,24.921424305940327,2,0,2,3,1,0,0,2
327,722,2,9.776850905643554,2,9,1178.8713101546925,0,1,3,2,0,2,0,28.0352076172781,2,1,1,2,1,0,0,1
328,602,3,17.999702541708945,4,0,5994.5121320278595,0,4,3,1,0,4,2,35.14470740378702,1,0,2,2,1,1,0,1
329,270,3,6.267803941056889,2,4,911.3114085486382,3,4,3,3,0,2,2,35.23858418517057,2,1,1,2,1,0,0,1
330,798,3,22.496193969464297,2,3,2050.6559065340753,0,1,4,0,0,1,3,36.33214292134364,2,2,1,2,1,0,0,1
331,917,3,23.468242034404085,4,6,2469.9542766946497,0,4,4,1,0,2,2,36.83426886387874,2,1,2,3,1,1,0,1
332,722,3,9.22282344031346,2,3,3038.6856833947463,3,3,3,2,0,2,1,28.55111441519934,2,0,1,2,2,1,0,1
333,155,3,35.999840279087465,2,0,6429.1890218228355,4,2,4,2,0,2,1,43.55393801640621,2,1,2,2,2,0,0,1
334,823,3,17.99976156744361,2,4,1594.0262800285418,0,1,4,2,0,4,0,26.66150313582617,2,1,1,2,1,0,0,1
335,779,3,22.924554240922852,0,6,2368.6053834504146,3,3,3,1,0,4,2,27.912300266990826,2,1,1,2,1,1,0,1
336,722,3,5.5957122522944225,2,3,1168.4279007902562,0,2,4,2,0,3,2,41.07328688855074,2,1,1,1,2,0,0,1
337,869,0,23.52300893179572,2,0,1513.8589924617966,0,2,1,1,0,4,0,24.106281612618417,2,0,1,2,1,0,0,1
338,817,3,35.999791471928404,2,3,2939.124135296054,0,4,1,2,0,1,1,33.32201080342049,2,1,1,2,2,0,0,1
339,800,3,5.572719998781531,2,4,940.7033730652543,4,2,4,1,0,4,3,70.73083974068653,2,1,1,2,1,0,0,1
340,385,0,9.856158238766875,4,3,1440.2999886202347,0,4,4,2,2,4,0,26.029375895010954,2,0,2,2,1,0,0,1
341,756,1,17.999759449243545,4,3,1781.7821898501331,1,0,1,1,0,1,2,27.014244956317953,2,0,3,0,1,0,0,2
342,111,0,49.063139636404024,0,6,9432.763337253778,0,2,2,0,0,4,2,36.87710792370022,2,0,2,1,1,0,0,1
343,110,1,48.29172728698012,3,9,4698.927216548307,0,2,3,1,0,4,2,36.4111201698136,2,0,2,2,1,1,0,2
344,478,3,17.999625666946173,4,4,1819.0118316180817,0,1,4,2,0,3,0,26.075190905998806,2,1,2,2,1,0,0,1
345,478,0,23.768574063683378,2,4,3500.4959148331095,0,2,2,2,0,4,1,44.934104934014165,2,1,1,3,1,1,0,1
346,478,3,8.733732612910417,2,4,1355.9390434684717,0,1,2,2,0,4,1,28.428608275089285,2,1,1,2,1,1,0,1
347,194,0,45.730942686202546,3,9,5160.89289295933,0,2,3,1,0,4,3,35.289930680902465,2,2,1,0,1,0,0,2
348,627,1,42.4307895390135,3,9,3186.373628139454,0,2,4,1,0,4,0,31.589678814319647,0,0,2,2,1,1,0,2
349,745,0,9.908075898708178,4,3,1263.0392545539196,0,3,4,2,2,2,0,31.64911820484677,2,1,2,2,2,0,0,2
350,478,0,8.89391298098489,2,4,1203.567578519491,0,1,2,2,0,4,0,28.431919666956055,2,1,1,2,1,1,0,1
351,756,0,21.064876948517615,2,4,4734.834290699987,0,4,4,2,0,4,3,26.81220047713387,2,0,1,3,1,0,0,2
352,842,3,21.539318114033314,2,0,2724.2677142734237,4,2,1,2,0,2,0,40.8563575009047,2,1,1,1,1,0,0,1
353,823,3,8.984617589275137,2,4,1374.2409062318138,0,1,2,2,0,4,0,28.42989842776465,2,1,1,2,1,1,0,1
354,457,1,10.27152264330716,2,0,917.204850029822,4,3,3,2,0,3,2,44.01127485101662,2,1,2,2,1,0,0,1
355,423,3,35.999653562575624,2,0,5528.28347872359,4,0,4,2,0,2,3,36.50079511891326,1,0,2,2,2,1,0,1
356,86,1,22.33932324801554,4,3,2878.2639560248626,4,3,4,2,0,2,1,27.055567556710216,2,1,1,2,1,0,0,1
357,478,3,9.46347302788652,2,3,3004.8090086122806,0,4,2,2,0,4,0,44.52954340152971,2,1,1,3,1,1,0,1
358,270,2,12.855713823252037,2,4,980.7114006972326,2,2,2,1,0,2,2,35.38181439940139,2,1,1,2,1,0,0,1
359,478,3,17.999764841124417,4,4,1372.2756328197456,0,1,4,3,0,4,0,26.975917865173134,0,1,1,3,1,0,0,1
360,426,1,17.999759721130133,2,4,1169.040725443606,0,1,4,2,0,1,2,26.300681307567125,2,0,1,2,1,0,0,1
361,385,3,9.308655336178825,2,0,1147.250536536814,0,3,2,2,0,2,0,26.38952419019176,2,1,2,1,1,0,0,2
362,627,1,23.952904323460775,2,0,1571.3690096108462,4,2,4,2,0,4,1,34.29403624405471,2,1,1,1,1,0,0,2
363,321,1,10.790547230445547,3,9,3351.2343118118115,0,2,3,1,0,2,2,26.11944821975351,2,1,2,2,1,0,0,2
364,963,3,23.65764597779054,4,4,2783.4147516444978,0,3,4,2,0,2,2,37.32242014466226,2,1,1,2,1,0,0,1
365,393,1,24.4795831278209,2,3,3204.540902078816,1,2,2,2,0,4,1,43.96654857414744,2,1,4,2,2,1,0,1
366,929,3,42.96752096458478,2,4,763.6582716653764,0,4,4,2,1,4,3,38.39313830035338,2,2,1,2,1,1,0,1
367,418,1,22.512479681936604,2,4,826.1725609477513,4,2,4,2,0,2,3,27.5827329845854,2,1,1,2,1,0,0,1
368,917,3,10.642604364866603,4,3,1630.507255047923,0,4,4,2,2,2,0,46.26293585573495,1,1,2,3,1,1,0,1
369,917,3,10.59686950283358,4,4,1362.5218177875324,0,4,2,2,0,2,1,48.452220486526585,2,1,2,1,2,0,0,1
370,959,1,45.10708482573438,2,9,3397.8336764177748,0,3,4,2,1,4,2,25.030445961421197,2,1,1,2,1,1,0,2
371,821,2,6.2570499616186765,4,0,1348.0597548748822,2,4,2,2,0,2,1,52.03161989295825,2,1,1,2,1,0,0,1
372,959,1,17.999438945889473,4,4,858.1092197358796,0,4,3,3,2,4,0,25.375955802079854,0,1,1,1,1,0,0,1
373,692,1,10.624042440550884,2,4,1549.54831021856,0,1,1,2,0,1,3,26.394532064564586,2,1,1,2,1,0,0,1
374,109,1,22.78187795347254,2,5,674.2463027761848,1,1,2,2,0,3,1,27.957712446577858,0,1,1,1,1,1,0,2
375,426,3,17.999762357860803,2,4,1652.231867920921,0,1,4,2,0,4,0,26.928855450616425,2,1,1,2,1,0,0,1
376,869,0,10.092665810551422,2,9,1281.9752411068773,0,2,2,3,0,2,1,26.339310628922007,2,1,1,2,1,0,0,2
377,692,3,23.492111162392213,2,4,3052.18347741712,0,1,4,2,0,4,1,28.873873070450134,2,1,1,2,1,1,0,1
378,823,1,10.478370399501165,2,9,2208.0709141624743,1,3,3,1,0,4,2,25.591232857610326,2,0,1,2,1,1,0,1
379,170,3,14.978765603325552,4,4,5461.366160632955,0,4,2,2,0,2,1,40.85694200601248,2,1,2,1,1,0,0,1
380,32,1,9.42975926835351,2,0,1131.1700176329143,1,2,4,2,0,4,0,35.33643892849398,2,1,1,2,1,0,0,1
381,433,3,19.571145705699532,4,4,2808.7968324220737,4,4,4,2,0,2,2,35.94630655601338,2,1,2,2,1,1,0,1
382,321,1,10.171442789241745,0,0,723.2597907979645,0,0,2,3,0,3,2,43.235014567128054,2,1,3,3,1,1,0,2
383,433,3,9.998933570409887,2,0,3889.851272268755,0,3,2,2,0,3,1,28.65704516522304,2,1,1,1,1,0,0,1
384,170,1,10.497008441777274,4,1,1052.3992153163233,4,4,3,2,0,4,2,41.272398785677154,2,1,2,2,1,0,0,1
385,816,3,17.999363094210626,4,4,1207.4579226967192,0,3,4,2,0,2,2,36.2373938801431,2,1,2,2,1,0,0,1
386,12,2,4.919094681525682,2,3,702.4148111644892,0,2,1,1,0,1,1,41.20454335120422,2,1,1,2,1,1,0,1
387,869,3,11.405108211057248,2,0,1340.7034718443622,4,2,1,1,0,4,1,24.839738613544327,2,0,1,1,1,1,0,1
388,963,3,11.524875947062842,2,4,3654.531604410794,2,2,2,2,0,2,2,42.35083715419622,2,1,1,2,1,0,0,1
389,478,0,12.585672213964656,2,3,1786.0239655580958,0,1,1,1,0,4,1,27.445409884702084,2,1,1,2,1,0,0,1
390,385,1,8.263648307147488,4,3,773.9577073039576,3,1,4,1,0,2,1,27.606426740861544,2,1,2,1,1,0,0,1
391,109,1,23.414206135335277,3,4,2340.0446223625813,0,3,4,3,0,4,2,29.027187578613574,2,1,2,2,1,0,0,1
392,433,3,9.588688738892925,4,0,1080.5209246519532,0,3,2,2,0,3,2,53.708039722497965,2,1,2,1,1,1,0,1
393,500,1,22.922647728958633,2,0,2092.5096950167917,0,3,3,2,0,2,0,27.686831922596223,2,1,1,2,1,0,0,1
394,917,3,37.3931300309825,3,1,573.9497582545571,0,3,4,1,2,2,2,28.65696017897538,2,1,2,2,1,1,0,1
395,963,3,22.842716756106334,2,1,5353.902907536449,0,4,4,2,0,4,0,37.04120452304521,2,0,2,2,1,1,0,1
396,917,0,37.1047115724897,0,6,2741.3118982665437,0,4,3,0,0,4,3,65.53973883924445,2,2,3,0,1,1,0,2
397,823,0,10.8547735794456,2,4,1393.1286175543362,0,1,2,1,0,4,2,26.02855781704964,2,0,1,2,1,0,0,1
398,321,3,9.749232487199638,2,0,1709.2860540303282,2,2,1,1,0,1,0,25.46604264117333,2,1,1,1,1,0,0,1
399,155,3,22.37345047657516,3,9,1028.9787019490834,0,2,4,1,0,4,0,65.56176586956869,2,1,2,2,1,1,0,2
400,385,0,12.485450478794283,0,7,1708.5163665104442,0,0,2,1,0,4,2,25.895175143789892,2,2,3,0,1,0,0,1
401,500,3,23.534349450896514,3,9,1354.6238450011394,0,3,2,2,0,3,0,34.30165228050365,2,1,2,1,1,1,0,2
402,698,0,21.830943258831475,2,3,2222.4031082715524,0,1,4,2,0,2,0,42.40413083794314,2,1,1,2,1,0,0,1
403,110,1,23.603166196165176,2,4,3368.544941862145,4,2,1,1,0,4,1,24.863733234789606,0,1,1,1,1,1,0,2
404,929,3,10.167275546169753,4,0,1607.123350889156,4,4,1,2,0,4,1,46.133670215448966,2,1,2,1,2,0,0,1
405,493,3,23.78894504594293,2,0,3483.1353580578475,4,0,4,1,0,4,0,66.50338769911089,2,1,1,2,1,1,0,1
406,439,0,35.99950688725714,2,3,2874.569597197085,0,4,1,2,0,4,0,23.648674356663246,2,1,1,2,1,1,0,2
407,722,3,5.421525195465083,2,4,556.9645026538964,0,2,4,2,0,1,2,27.344235634065654,2,1,1,1,1,0,0,1
408,722,0,5.3344914252963855,4,0,1164.5750599634587,0,4,1,2,0,1,0,40.36149162201012,2,1,1,1,2,0,0,1
409,135,1,9.789498809970185,2,0,886.0151878005657,0,3,4,2,0,3,1,38.22183104404386,2,1,1,2,1,0,0,1
410,817,0,28.810252016136012,2,1,5327.699736430319,4,0,2,2,0,2,2,26.443897213926196,2,1,1,3,1,1,0,2
411,917,0,9.176069232766213,2,1,2840.9528039645375,4,4,4,3,0,4,0,41.06610571852192,2,0,2,2,1,1,0,1
412,68,1,11.038678698020684,2,4,1234.6019299776876,2,4,4,2,0,2,2,33.21696066495806,2,1,1,2,1,1,0,2
413,426,1,10.164075035859874,4,0,1162.1432637671073,0,1,4,3,0,1,0,26.110576116266316,2,1,1,2,1,1,0,2
414,614,3,23.23186081046487,1,9,593.9755014071881,0,4,4,2,0,4,2,68.47222982136039,2,1,1,2,1,1,0,1
415,169,3,9.105439280033597,2,4,1400.1954432141792,2,2,3,1,0,2,0,50.60915520492399,2,1,1,2,1,1,0,1
416,794,3,21.78264231922954,2,4,2471.0441794095664,0,3,4,1,0,4,2,43.29984276278525,2,1,1,1,1,1,0,1
417,309,1,9.905496722077034,2,4,1158.5191208343444,0,2,4,1,2,4,1,52.883317100943906,2,1,1,1,1,1,0,1
418,692,1,23.250385393152044,2,4,1275.7825994817938,0,1,4,3,0,1,2,28.35743519380856,2,1,1,2,1,1,0,1
419,917,1,9.876987655284477,0,6,1220.147551624696,0,4,2,2,0,4,0,39.408549854839535,0,1,1,1,1,0,0,2
420,109,1,22.612893161354364,2,3,1251.7523656521528,2,2,4,2,0,2,2,25.30513476097111,2,2,1,2,1,1,0,1
421,155,3,22.833525729585176,4,0,1261.5620982979526,3,2,4,2,0,2,2,41.99917687333642,0,0,2,1,1,0,0,1
422,393,1,9.928983501912874,2,7,955.0457474850432,2,1,4,1,0,4,1,34.85439265004635,0,1,1,2,1,1,0,2
423,823,0,10.851227636505426,2,3,3586.7929885177914,0,2,1,1,0,4,2,25.03535191202612,2,0,1,2,1,0,0,2
424,803,1,9.527641307168885,2,4,1222.362088195835,0,3,2,2,0,3,0,52.80986493924544,2,1,3,2,1,1,0,1
425,596,3,10.405594450326857,3,4,1159.2886227775955,0,4,4,2,0,4,3,36.081291121129944,2,1,2,2,1,1,0,1
426,135,3,11.123339001268734,4,0,1703.4041183003785,1,0,2,1,0,3,1,37.76624328314141,2,1,2,2,2,1,0,2
427,12,0,22.426987838267998,4,9,926.9509636317737,4,1,3,1,0,2,2,28.54041638730076,2,1,1,2,1,1,0,2
428,270,1,10.025286196486478,4,9,3426.0723694055628,1,2,3,1,0,2,2,49.9888693211385,2,1,1,1,1,1,0,1
429,309,1,9.734139504461492,2,9,1387.9854834878597,0,4,2,2,1,4,0,50.305897975717066,2,1,1,1,1,0,0,1
430,444,3,35.99925688469414,4,3,1267.4654596936903,4,4,4,1,0,4,0,37.144794447232606,1,1,2,2,1,0,0,1
431,817,3,35.99941210120921,2,4,2747.441397544947,4,4,4,2,0,4,0,53.26073572095148,2,1,1,2,1,0,0,1
432,126,3,10.23876282397762,2,3,1389.1621616517511,0,2,2,2,0,4,2,27.032552495829563,2,1,1,2,1,0,0,2
433,110,0,21.429739234956173,1,0,1545.9315228686974,4,0,4,2,0,2,2,27.20461090863569,1,1,1,0,1,0,0,1
434,859,0,8.588693445679747,2,9,883.3363047529285,0,3,3,2,0,2,0,28.186299513213505,2,1,1,2,1,0,0,1
435,869,1,22.43432550483456,3,4,2818.7705557985037,2,4,4,0,0,2,2,25.87346550921747,2,0,1,2,1,0,0,1
436,433,3,8.201937541001474,4,0,1020.4783474125869,0,2,2,0,0,2,0,49.15755049507598,2,1,2,1,1,0,0,1
437,823,3,8.655627869758048,2,4,1146.1165283455168,0,1,2,2,0,4,0,27.991935964808413,2,1,1,2,1,1,0,1
438,614,3,25.69579672426995,4,1,4904.263246429186,4,4,4,2,0,4,3,38.3135913980096,2,2,2,2,1,0,0,1
439,445,2,4.936545520684594,2,3,2491.469619545475,0,1,2,2,0,2,3,28.410702799030474,2,1,2,2,1,0,0,1
440,313,1,8.324974580866577,2,4,1139.21624927832,1,3,4,1,0,4,1,36.564965720706375,0,1,1,1,1,0,0,2
441,500,3,4.996063302336977,4,0,1486.8504687757322,0,4,1,0,0,2,0,42.382708248697334,2,1,1,1,2,0,0,1
442,614,1,22.933967999674813,3,3,2921.5988458571687,1,4,3,1,0,3,0,25.086971756777533,2,1,2,2,1,1,0,1
443,182,3,10.142866852256278,2,3,1250.5900992008596,0,2,4,2,0,2,2,35.014303654057024,2,1,2,2,1,1,0,1
444,614,0,22.874313885731695,4,4,2417.1974224805667,0,1,3,3,0,2,0,26.18513691491435,2,1,1,2,1,1,0,2
445,917,3,22.340967638313252,2,0,6906.087317715193,0,2,1,2,0,2,3,34.9487562677899,2,1,1,2,1,0,0,1
446,614,1,22.117628114163782,2,3,1357.0494412508945,3,2,4,1,0,2,2,26.896631583705126,2,1,2,2,1,0,0,1
447,803,3,10.24740061900329,0,4,2810.2596964033155,0,3,2,2,0,3,2,36.325145068198836,2,1,2,2,1,1,0,1
448,536,3,10.16175475198897,4,0,986.9885134314511,0,1,4,2,0,4,0,28.321688578669587,2,1,2,2,1,0,0,1
449,155,3,24.19236195724268,0,9,3138.8165566233542,4,2,1,1,0,2,2,27.34021243971093,2,1,1,2,1,1,0,1
450,478,0,18.000004109078553,2,4,1603.9954736137347,0,1,4,1,0,4,1,25.243924738669044,2,1,2,2,1,0,0,2
451,803,3,10.467808375536444,2,0,1130.0922897731677,0,3,2,2,0,3,1,25.14472390112782,1,1,1,2,1,0,0,1
452,959,1,35.999914905786554,4,9,5067.063586409131,0,3,3,2,0,2,2,36.20572439029075,2,0,1,2,1,1,0,1
453,823,3,8.910040371804127,2,4,1365.0347194077233,0,1,2,2,0,4,0,28.58113230875639,2,1,1,2,1,1,0,1
454,367,3,10.497342949294113,2,1,5285.731978039847,4,4,4,2,0,4,1,54.09876815455831,2,2,1,3,2,1,0,1
455,433,0,23.77137142547555,1,4,1943.9108776931298,0,2,4,2,0,4,1,25.150100667865313,2,0,2,2,1,0,0,2
456,489,1,48.252833224027036,2,0,4712.636692267628,1,2,4,1,0,4,2,45.52286372569367,2,1,1,1,1,1,0,2
457,478,0,9.574978157614357,2,1,684.7226098164376,0,4,4,2,0,4,0,25.23652001319496,2,1,1,1,1,1,0,1
458,595,1,22.541660609791183,2,1,1492.7315778461357,4,4,4,2,0,4,1,42.99200968771142,0,1,2,2,1,0,0,1
459,485,1,5.0769870602304445,4,7,5906.718011971865,1,2,1,2,0,4,2,48.259696606692444,2,1,2,2,2,0,0,1
460,614,3,22.446849605292503,1,0,731.4780013701767,0,1,4,2,0,2,0,35.268677330274656,2,1,2,2,1,0,0,2
461,934,1,22.343694684426026,2,4,1135.1200331328928,0,1,4,2,0,1,1,26.896734403412392,2,1,1,2,1,0,0,1
462,996,3,9.359281305530933,2,0,1506.175955375055,2,4,1,1,0,2,0,46.69502609315702,2,1,1,2,1,1,0,1
463,817,3,9.234919207074018,2,4,3007.2271299699187,0,3,3,2,0,2,0,27.660835516842738,2,1,1,1,1,0,0,1
464,823,1,9.11461861179877,2,4,1138.8186766484278,0,1,1,1,2,1,0,26.91931787750521,2,1,1,2,2,0,1,1
465,12,3,5.365591477235758,4,4,1107.926409408552,0,2,4,1,0,1,2,26.030315820724944,2,1,1,2,1,0,0,1
466,12,3,8.919299142674724,2,1,896.3122278135234,0,2,1,2,0,2,2,31.49186035468247,2,1,1,2,2,1,0,1
467,959,3,22.804171899508816,2,3,2802.7176124069533,0,3,4,1,0,2,2,37.25075333329397,2,1,1,2,1,0,0,2
468,110,0,22.79144752987176,2,0,3169.261781095214,4,3,4,1,0,4,1,44.34575562025375,2,1,1,2,1,1,0,1
469,198,3,8.706941774606445,4,0,1140.4409538312527,2,2,3,2,0,3,0,43.221903319012256,2,1,1,1,2,0,0,1
470,12,3,9.219728356789325,4,0,894.0396901093296,0,2,4,2,0,4,3,34.79354391043683,0,1,1,1,2,0,0,1
471,917,0,9.67826742310563,2,4,690.7954870309464,0,4,4,2,0,3,2,34.58035856773564,2,1,2,2,1,0,0,1
472,489,1,50.70576194199254,3,9,5302.999968194078,1,2,4,2,0,2,2,26.100248580624115,2,0,1,1,1,0,0,2
473,426,0,17.99941210883856,2,0,2481.0618120459044,4,2,4,1,0,2,0,25.81487265377114,2,1,2,2,1,0,0,2
474,478,3,8.799036925075406,2,4,1300.0148587821536,0,1,2,2,0,4,0,28.599935772034485,2,1,1,2,1,1,0,1
475,722,3,9.44641088570178,4,0,1491.5143258820706,0,2,3,2,0,2,0,43.33949961968119,2,1,1,1,2,0,0,1
476,627,3,24.40300572446266,2,4,3472.0906110032215,1,3,2,1,0,4,2,25.957049185147497,2,1,1,2,1,0,0,1
477,627,0,22.33195473430053,2,0,2295.7662912670103,1,0,4,2,0,4,2,46.28984806575016,2,0,1,3,1,1,0,2
478,917,0,48.80380732106634,0,2,13896.677160387619,0,4,2,2,1,3,2,33.57253800212358,2,1,1,3,1,1,0,2
479,111,2,15.821621310707997,2,4,2767.525386049547,0,2,2,2,0,2,1,29.590223175931563,2,1,1,2,1,0,0,1
480,627,1,48.12825309390067,2,9,5412.847842170269,1,2,4,1,0,2,1,24.68409287117165,2,1,1,1,1,0,0,2
481,823,3,8.773014713791474,2,4,1286.7458764771447,0,1,2,2,0,4,0,28.59539498071357,2,1,1,2,1,1,0,1
482,426,3,9.209044870611331,2,4,1346.673269674646,0,1,2,2,0,4,0,28.60484483709527,2,1,1,2,1,1,0,1
483,254,0,35.999909631915436,2,1,6224.862280435483,0,4,2,2,0,4,3,50.34840685887647,2,2,1,2,1,0,0,1
484,963,3,10.640123804996541,2,1,3264.0853383102713,0,2,2,2,0,4,0,37.52562838074229,2,1,1,3,1,1,0,1
485,917,0,10.178270079385536,2,1,5370.551771230199,0,2,2,2,0,4,1,34.69197662033834,2,2,1,3,1,1,0,1
486,963,3,10.253739779103453,4,3,1508.5159965794337,0,2,2,2,2,3,0,36.90147024198267,2,1,2,3,1,0,0,1
487,859,1,43.666084479041814,3,3,5550.170317160642,0,2,4,2,0,2,2,32.47870087795058,2,1,2,2,1,0,0,2
488,170,2,5.030283665083963,2,2,1207.9597893942512,0,2,2,2,1,1,0,27.511704106877517,2,0,1,2,1,0,0,1
489,812,3,46.747257614769325,4,4,5349.780184860168,0,2,4,1,0,2,2,29.146474821929615,2,1,1,2,1,0,0,2
490,929,3,9.389167406275945,4,0,953.4888270181734,2,2,4,3,0,4,0,41.87525397782959,2,1,2,1,1,0,0,1
491,809,1,8.873489795298061,2,9,973.7808557682847,1,1,4,2,1,1,0,29.0013026106507,2,1,1,2,1,1,0,1
492,32,1,6.3945225540577875,2,4,2495.274407973751,0,4,4,2,0,4,1,37.08282191115131,2,0,1,2,1,0,0,2
493,869,0,21.955656539886764,2,4,2994.6031448075014,0,2,4,2,0,2,1,36.06935433261548,2,1,1,2,1,0,0,1
494,433,3,23.609698673062155,4,9,1960.1616547223316,0,0,4,2,0,2,2,37.06844268629826,2,1,2,2,1,1,0,1
495,627,1,23.03512181065518,2,1,3308.042518361388,0,3,2,3,0,2,2,28.832292951488146,2,0,1,2,1,1,0,1
496,869,3,24.135318975319926,2,1,881.9886809866633,4,0,4,1,0,4,3,28.572983526977467,2,2,1,0,1,1,0,1
497,692,3,23.251802463694315,2,4,5223.732765985324,4,4,4,2,0,4,2,28.790141137888263,2,1,1,2,1,0,0,1
498,32,1,35.99935574245457,2,0,7012.702130867305,0,2,1,2,0,2,2,34.0819020397436,2,1,1,2,1,0,0,1
499,478,3,18.00011658218503,4,4,1917.4557477437575,0,1,4,2,0,4,1,26.388926641303826,2,1,2,3,1,0,0,1
500,692,1,11.409278987738096,2,4,1169.5969660945516,4,2,3,1,0,4,2,43.90618258930133,2,0,1,2,1,1,0,2
501,779,3,23.073299032519472,4,9,763.3929308216632,1,2,4,1,0,4,3,26.564078690048973,2,1,2,1,1,0,0,1
502,393,1,49.4429306447645,1,9,5246.299765901191,1,3,4,1,0,2,1,29.458376057403683,2,1,1,1,1,0,0,2
503,110,3,17.999788338571786,2,0,1218.9943278166015,3,3,2,2,0,4,0,33.57448062997568,2,1,1,2,1,0,0,1
504,52,1,10.618666356598606,4,9,1142.0192662227046,1,2,4,2,0,3,2,41.57982991139216,2,1,2,1,1,0,0,1
505,304,0,9.545119431155673,2,3,1087.3685336966378,0,3,2,2,0,3,2,37.52252249720098,2,1,1,1,1,0,0,2
506,110,3,8.851769640973366,2,0,1381.4384875000749,0,2,2,2,0,2,2,32.802002310062974,2,1,1,2,1,0,0,2
507,110,3,35.99952306556706,2,4,3482.8871467431204,0,2,2,2,0,2,2,25.49703707063306,2,1,1,3,1,1,0,1
508,931,3,9.417823095471416,2,0,951.3187276152912,4,4,4,2,0,4,1,26.295425300655943,2,1,2,2,1,0,0,1
509,32,1,10.784460505323617,2,0,3413.16449361562,1,4,1,1,0,1,0,24.07607958219143,2,1,1,2,1,0,0,1
510,478,0,10.078347224903473,4,3,1812.2484068822814,0,1,4,1,0,4,1,25.973711865325576,2,0,2,2,1,0,0,1
511,155,3,22.948276489027243,2,0,5047.146224347978,0,3,3,1,0,2,2,35.16977072288743,2,1,1,2,1,1,0,1
512,823,3,8.994370528634875,4,0,1602.9565143996426,0,1,2,2,0,4,1,28.61008770356254,2,1,1,2,1,1,0,1
513,917,0,51.834282989154424,2,6,1302.9762569473405,0,4,3,2,1,1,3,61.93159866412393,2,0,2,0,1,0,0,2
514,32,2,28.154926968728788,4,9,3001.4410030490326,0,2,3,3,0,2,2,26.377109201173226,2,1,2,2,1,0,0,2
515,929,1,54.597675060559304,2,4,14989.698978979599,4,4,2,2,1,3,3,63.735277563960885,2,2,1,3,1,1,0,1
516,478,0,11.585797421286392,2,3,3153.9346290806084,0,1,4,1,0,4,1,24.493535529141557,2,0,1,2,1,0,0,1
517,722,1,9.088505689644457,2,9,2250.9492815653966,0,2,3,2,0,4,2,33.116509438370706,0,1,2,2,1,0,0,1
518,367,0,17.999213844895362,1,0,632.479278594809,0,1,3,3,0,1,1,34.3585561216824,0,1,1,2,1,1,0,1
519,627,1,22.289212292657336,4,1,2894.6782876995067,1,0,4,3,0,2,2,38.34049393716503,2,0,3,0,1,1,0,1
520,155,3,48.7391722596451,2,1,8330.81360245371,4,2,4,2,0,2,2,37.357580487966835,2,2,2,2,1,1,0,1
521,722,3,9.448761764363285,2,3,1465.0039605241202,0,4,2,2,0,4,1,27.348708163340252,2,0,1,2,1,0,0,1
522,110,2,17.999533181011678,2,4,3998.9199288401414,0,1,1,1,0,1,2,26.740463380695463,2,1,1,2,1,1,0,1
523,68,0,21.786795136362354,2,5,1084.1476993987815,0,0,4,1,0,2,1,25.34622772357319,2,0,1,2,2,0,0,2
524,816,3,10.231642065381868,4,6,994.6686192509244,2,4,4,1,0,4,0,38.10655450735855,2,0,2,2,1,0,0,1
525,823,3,8.766774450010054,2,4,1383.8585122331947,0,1,2,2,0,4,0,28.594640685101783,2,1,1,2,1,1,0,1
526,270,2,10.485967703271005,0,7,1418.7981720934656,0,2,4,1,0,2,2,33.81569307862374,2,1,1,2,1,0,0,1
527,823,2,9.093289927660258,2,4,1371.801889417386,0,3,4,1,0,1,0,29.768950278697375,2,1,1,2,1,1,0,1
528,963,3,23.386434447592983,4,4,2790.5778933789993,0,3,4,2,0,4,2,37.90723007705261,2,1,2,2,1,1,0,1
529,917,0,17.999289883494377,2,0,3535.4835595363115,0,4,1,2,0,4,3,28.12007235849858,0,0,1,1,2,0,0,1
530,840,2,7.836856882504968,2,0,1157.7054179112786,0,3,4,2,0,2,3,38.36714793306978,2,2,1,2,2,0,0,2
531,385,0,9.663968384129456,4,0,1106.5961623633589,0,2,2,2,0,4,0,29.359693712768003,2,1,2,2,1,0,0,1
532,194,0,27.828511935346267,2,1,5669.980263001762,0,3,2,2,0,4,3,69.5740348860037,2,1,1,2,1,1,0,1
533,823,3,18.00011117093265,2,4,1519.091055694246,0,1,4,2,0,4,0,26.63297693863623,2,1,1,2,1,0,0,1
534,917,3,10.764923405604375,2,0,5509.46195454062,0,2,3,2,0,4,3,50.386906476181146,2,0,2,0,1,0,0,1
535,218,2,35.99952294057612,2,4,4218.390760857452,0,3,3,1,0,4,1,26.67918897875096,2,1,1,2,1,1,0,1
536,426,1,8.485094653944367,4,0,584.8294751533342,3,3,4,2,0,3,0,27.23624831924158,2,1,2,2,1,0,0,1
537,383,1,26.300552380235974,2,0,7045.1795422894465,1,0,1,2,0,2,2,34.71988956944606,2,0,1,2,1,0,0,1
538,812,1,17.999775495663286,4,4,6261.901909882422,0,0,3,1,1,2,2,25.538258384547614,2,2,3,0,1,0,0,2
539,963,2,9.977019738536498,2,3,1380.666775507833,0,1,2,1,0,4,2,26.990300848986948,2,1,1,2,1,0,0,2
540,18,3,5.889009301860635,2,0,1896.3938121559236,0,3,3,2,0,2,0,35.253885559909165,2,1,2,2,1,0,0,1
541,627,1,24.610514867811407,3,9,1574.915471852175,1,2,4,1,0,4,2,41.50971481980401,2,1,1,1,1,0,0,1
542,963,3,23.600272812736574,0,4,1643.6118164562617,4,2,4,2,0,2,2,34.1131309095813,2,1,2,2,1,1,0,2
543,595,0,9.741010539788338,2,5,765.4828611191712,0,1,4,2,0,4,1,25.386897509484864,2,1,1,1,1,0,0,2
544,917,1,45.621828062391245,2,1,8616.306697071976,0,3,1,1,0,2,2,30.235557885459258,2,1,1,2,1,1,0,1
545,859,1,35.999303238034294,2,1,5979.139086380735,4,2,2,1,0,2,0,34.52734909995459,2,1,1,2,1,1,0,1
546,750,3,8.991501774994434,1,7,1058.9844527434195,4,4,4,2,0,4,2,51.55572252838929,2,1,2,1,1,1,0,1
547,366,1,35.999351568400904,2,1,10697.380102853402,0,4,4,2,0,4,2,38.05071500276077,2,1,1,3,1,1,0,2
548,823,1,9.009233155858984,2,4,1241.9963996180593,0,1,2,3,0,1,1,26.572599926618107,2,1,1,2,1,1,0,2
549,627,3,22.70776032348226,4,4,1031.2496200753908,1,4,4,2,0,4,2,35.546562835169496,2,1,2,2,1,0,0,1
550,996,3,9.025334603727126,4,0,1098.6940056674262,0,4,1,2,0,4,0,34.85203557107962,2,1,2,2,1,1,0,1
551,800,2,9.637024661330926,2,9,1116.4818633343903,3,1,4,1,0,1,1,27.588133365724545,2,0,1,2,1,0,0,1
552,959,1,24.16772694992542,2,4,1206.7870631691085,0,2,4,2,0,4,2,27.130771170515644,2,0,1,1,1,0,0,2
553,182,3,22.5416742141746,2,1,2321.8766919724894,4,2,4,2,0,2,2,33.5521784618381,2,1,1,2,1,1,0,1
554,457,0,58.61540118938711,2,1,10877.290967100114,0,1,2,2,0,1,2,38.48742581306506,2,1,2,2,1,0,0,1
555,917,0,5.744857741391236,2,2,13386.07078925659,0,0,1,2,1,4,2,30.084856107118544,2,1,1,0,1,1,0,1
556,869,3,22.784412165359925,2,0,893.0711487920877,2,4,4,1,0,4,1,24.716130468024065,2,1,1,2,1,0,0,1
557,444,0,21.98141817997943,2,1,3591.198745432445,0,0,3,2,0,4,3,38.32646158435234,2,2,1,3,1,1,0,2
558,204,1,48.424806874287434,3,1,8225.309497543465,0,3,4,3,0,2,2,29.75848980271997,2,1,1,1,1,1,0,1
559,963,3,23.134348703096208,4,9,2453.4354477890624,4,2,3,0,0,2,0,34.908995697326624,2,1,2,2,1,1,0,1
560,722,3,9.845842874119079,4,0,1313.5939480758905,0,3,2,2,0,2,0,48.42129384322391,2,1,2,1,1,0,0,1
561,493,3,22.902571297419072,3,3,1406.8107398381399,1,2,4,2,0,4,1,23.730311497678805,0,1,2,1,1,1,0,2
562,917,1,35.99978434659545,2,1,7713.638468174084,4,3,2,2,0,4,2,26.09597601648144,2,1,1,2,1,1,0,1
563,917,1,43.44107167167731,2,1,2299.5778873324816,0,3,4,2,0,2,2,35.069957567599744,2,1,1,3,1,0,0,1
564,182,3,9.987652904335212,2,1,2204.218450544353,4,2,4,2,0,4,2,33.30110144481545,2,1,1,1,1,0,0,1
565,917,3,50.1657542701385,0,6,13385.69727002304,0,3,2,2,1,2,2,25.928247465273113,2,1,1,3,1,1,0,1
566,218,0,11.393010118376937,4,3,3875.2371229983646,0,4,1,1,0,4,0,23.532853289403995,2,0,2,2,1,0,0,2
567,756,3,22.116830517638427,2,7,1168.750618554714,4,2,3,2,0,2,3,32.50037938267179,2,1,1,2,2,1,0,1
568,110,0,22.90856956498124,2,9,2939.4578553965484,0,2,2,2,0,4,0,26.670495721825112,2,0,1,2,1,0,0,1
569,779,3,22.884349016786633,4,1,819.8376495277138,0,4,4,2,0,4,0,66.86900795007594,2,1,2,2,1,1,0,1
570,852,3,5.963908927592844,1,0,12576.804827446094,1,2,3,1,1,3,3,34.061123189022474,2,1,1,3,1,1,0,1
571,929,3,5.051053412814046,4,4,1256.947499134673,0,4,4,2,0,2,3,42.625079971461105,2,1,2,2,1,0,0,1
572,614,0,10.413217048474015,2,3,2094.5603686309587,1,3,2,1,0,4,2,23.616711165441316,2,1,1,1,1,0,0,2
573,817,1,8.513787200022085,4,4,1353.4977238167367,0,3,4,2,0,2,2,29.478761152294908,2,1,2,2,1,0,0,1
574,127,2,24.819219436876864,1,9,2864.364122400146,0,2,4,2,0,2,2,33.85307935804662,2,1,1,2,2,0,0,1
575,478,0,10.55867124701068,4,0,1478.9815155352949,0,2,2,2,2,4,1,24.75224288240373,2,0,2,1,1,0,0,1
576,198,3,9.500510705664016,4,4,1309.6719040356575,0,4,2,2,0,2,1,50.693543614460225,2,1,2,1,2,0,0,1
577,817,1,49.10015905186657,2,4,2997.211855693609,0,1,1,1,0,1,2,29.677630337067065,2,1,1,2,1,1,0,1
578,500,1,9.086453870588166,2,4,1014.3822562483738,4,2,2,1,2,1,0,24.38082814979743,0,1,1,1,1,0,0,1
579,708,1,10.191412286388985,4,0,637.8746323935289,0,4,4,2,0,3,2,36.31791028258296,0,1,2,2,1,0,0,2
580,126,0,10.194998988836378,4,1,943.6920341248615,0,2,3,2,0,2,2,34.3218680537691,2,1,2,2,2,0,0,1
581,19,3,24.25931604886459,4,9,2356.698047980709,4,4,4,2,0,4,3,33.34746011291048,2,0,2,2,1,1,0,1
582,238,3,9.18477121423123,2,4,1383.4942084323845,0,1,2,2,0,4,0,28.57850831569602,2,1,1,2,1,1,0,1
583,800,1,23.067686433408085,2,0,3095.650022090179,2,1,1,1,1,2,2,37.424252487088665,2,0,1,2,1,1,0,1
584,917,3,7.444755835316521,2,7,1636.024380858973,0,0,1,1,0,2,2,66.13043883792558,2,2,1,2,1,1,0,1
585,225,1,22.94155782190608,2,0,974.8693133315284,0,4,4,2,0,2,0,26.15833744884974,1,1,2,2,1,1,0,2
586,12,3,9.971705369733828,2,4,769.7759572014076,0,4,4,2,0,2,1,36.91315068625392,2,1,1,2,2,1,0,1
587,500,0,8.422568384549438,2,1,1233.8327991877022,0,2,4,2,0,3,0,42.25678337170384,2,1,1,2,1,0,0,2
588,433,0,10.052592181286599,2,0,1109.1022229540404,0,2,2,2,0,2,1,51.47520844801688,2,1,1,1,1,1,0,1
589,823,3,9.680078509467448,2,4,1258.6260735196518,0,1,2,2,0,4,1,28.41401180172562,2,1,1,2,1,1,0,1
590,12,1,9.977823612186647,2,8,1410.327606824186,0,2,3,3,0,2,0,26.09797792898098,2,1,1,2,1,0,0,2
591,803,3,23.57850200269977,4,1,3109.0287797136,0,3,4,2,0,2,2,37.49885755136788,2,1,2,2,1,1,0,1
592,756,0,17.99963735690713,2,4,2016.0008874873301,0,0,2,1,1,4,2,25.908559539193664,2,0,3,0,1,0,0,2
593,365,1,9.2950991601885,2,3,1129.4165209000892,0,2,3,2,0,2,2,35.042075187497666,2,1,2,2,1,1,0,1
594,182,3,23.408566169266553,2,4,2555.8196367727146,0,4,4,2,0,2,2,37.58723408875579,2,1,1,2,1,0,0,1
595,386,0,46.23290340935407,2,6,3352.264389375754,2,4,3,2,1,4,3,67.09606246456673,2,0,2,0,1,0,0,2
596,304,3,9.738604733637274,2,4,798.9820751555653,2,2,4,3,0,2,1,26.851447314025233,2,1,1,1,1,0,0,1
597,126,3,9.50753721978053,2,3,3655.4685784187236,2,1,2,1,0,2,2,27.9573962226483,2,0,1,2,1,1,0,1
598,816,3,35.99909007751946,4,4,949.1419474536278,0,4,4,2,0,4,0,37.05639541395923,2,1,1,2,1,1,0,1
599,198,3,10.076742877024351,2,4,1210.403799907162,2,3,4,3,0,2,1,26.937895564065116,2,1,1,2,1,0,0,1
600,426,3,8.639222620986732,2,4,1236.151376767436,0,1,4,2,0,4,0,28.751749539109678,2,1,1,2,1,1,0,1
601,627,3,7.375352536878457,2,0,1157.7867342176555,3,2,4,0,0,2,0,33.35337936545018,2,1,2,2,1,1,0,1
602,614,1,35.99980815926198,0,6,12977.88249404674,4,4,3,2,0,3,2,28.085709585693536,2,1,1,3,1,0,0,2
603,817,3,17.999068276524543,2,4,6168.735727530593,0,4,1,1,0,1,3,26.543346226669556,2,1,2,2,1,0,0,1
604,818,3,51.55345334928891,2,4,8657.052405887192,4,3,4,2,0,2,2,29.721300298577003,2,1,1,2,1,1,0,1
605,433,1,14.106109854228972,2,4,1416.4756952956175,0,2,2,3,2,3,0,24.84637372710998,2,1,1,2,1,0,0,1
606,917,3,17.999193251371384,1,0,619.6648409459655,0,0,2,2,0,1,2,36.974254953723715,2,1,1,0,1,0,0,1
607,959,3,10.237660338014518,2,4,1568.669114227194,4,2,4,1,0,1,2,26.228083682707354,2,1,1,2,1,0,0,1
608,321,1,5.049137212771067,2,4,1483.9284592508593,0,2,2,2,0,1,1,36.253640989163294,0,1,2,2,1,1,0,2
609,304,2,5.868962020589333,2,3,1140.301535168203,0,2,3,1,0,2,0,33.967390363164036,2,1,1,2,1,0,0,1
610,404,0,17.99938894724846,4,0,4469.428499997742,0,4,3,1,2,2,0,26.268703695987913,2,1,1,3,1,1,0,1
611,744,1,23.124414181202344,4,4,702.407050687117,4,4,4,2,0,4,0,51.68901007035415,2,1,1,1,1,0,0,1
612,385,3,10.299916577071924,4,4,932.8287829345954,4,4,4,2,0,4,3,53.620052653429326,2,2,1,2,1,1,0,1
613,126,3,10.022851092692365,2,4,1500.7921874629335,0,1,2,3,0,4,0,29.014275129932514,2,1,1,2,1,1,0,1
614,812,3,8.414291867482383,4,1,675.4937826431443,0,3,4,2,0,1,0,36.741942847244665,2,1,2,2,1,0,0,1
615,949,1,11.778674316835579,3,3,1855.000977948706,0,2,4,3,0,4,0,25.242003247392816,2,1,2,2,1,0,0,1
616,155,3,46.77682378464699,2,1,4981.155401878779,4,2,1,2,0,4,1,29.934309966243433,2,0,2,2,1,1,0,2
617,821,3,6.172198262012459,2,4,1059.6303943904245,0,2,4,1,0,4,3,66.99393342874261,2,1,1,2,1,0,0,1
618,478,3,8.724441815913984,2,4,1311.8787982236452,0,1,2,2,0,4,0,28.602470341814183,2,1,1,2,1,1,0,1
619,158,3,44.784326513087834,2,0,2680.4393193704614,0,4,4,1,0,4,0,42.8745067601295,2,1,2,3,1,1,0,1
620,817,1,11.058245676862912,4,3,3404.351654728359,0,2,1,1,0,4,2,39.9240137088842,0,0,3,1,1,0,0,1
621,917,1,35.99923353707795,3,6,6359.116748450375,0,2,2,2,0,2,2,26.374505089433843,2,1,2,3,1,1,0,1
622,571,3,23.807919522425845,2,4,750.2044381634852,4,3,3,1,0,4,2,44.04465184696761,2,0,2,1,1,0,0,2
623,155,3,10.181562374067221,2,4,1237.6279088110928,2,4,2,2,0,2,1,26.14828441196128,2,1,1,2,1,0,0,1
624,917,1,10.826000162927228,4,9,1563.954565176543,0,2,4,2,0,2,0,35.443719810663154,2,1,2,2,1,1,0,1
625,572,3,23.081012559725515,2,0,1914.5469720164942,0,3,4,1,0,3,2,33.54381862682941,2,1,2,2,1,1,0,1
626,871,0,9.524986985438018,2,0,1193.6889463311095,4,4,1,1,0,4,2,59.44973276444887,2,2,1,2,1,1,0,1
627,383,3,23.24511116353049,4,9,1481.2388486085504,0,1,4,1,0,3,0,36.820499567791224,2,0,2,2,1,0,0,1
628,438,3,17.99964687973261,4,9,856.2494044630569,0,1,4,3,0,2,0,27.5257949291331,2,1,2,2,1,0,0,1
629,426,3,35.999450910687486,2,4,4061.807373842019,0,1,4,2,0,2,0,27.645561713324508,2,1,1,2,1,1,0,1
630,135,1,9.11551140715026,2,4,2377.547214906025,4,4,1,2,0,4,0,68.4222761097591,2,0,1,2,1,0,0,2
631,821,3,9.554544952580898,2,0,1076.0876676001358,4,2,4,2,0,1,3,34.34531892585344,2,1,1,1,2,1,0,1
632,959,1,35.999494962215465,2,0,2993.996827463328,0,2,4,2,0,2,2,34.28254606236313,2,1,1,2,2,0,0,1
633,823,3,8.741950624149826,2,4,1237.2330017364716,0,1,2,2,0,4,0,28.549341649856522,2,1,1,2,1,1,0,1
634,238,3,8.600349345231558,2,4,1292.9367298183122,0,1,2,2,0,4,0,28.554524104412803,2,1,1,2,1,1,0,1
635,170,3,6.844526836755962,2,7,1560.021690209195,0,0,2,3,0,3,2,24.837658455674195,2,0,1,2,1,0,0,2
636,803,3,9.649787698685348,2,4,1852.9928700756645,0,1,4,2,0,4,0,27.213140080667706,2,1,1,2,1,1,0,2
637,182,3,20.928179471197375,4,1,2146.2483077663514,0,4,1,2,0,2,2,42.40746916255079,2,1,2,3,1,1,0,1
638,959,1,47.04899546010509,2,3,4695.179081337485,1,1,4,2,0,4,2,43.601452228043605,1,1,1,0,1,0,0,2
639,823,3,9.06800467510434,4,3,2087.6847881265285,0,4,2,2,0,4,1,43.94168557491083,2,0,1,3,1,1,0,1
640,614,1,9.421186643810163,4,4,748.1272620418322,0,4,4,2,0,4,0,69.6263394433589,2,1,2,1,1,1,0,1
641,270,0,9.111494722653074,2,7,1067.1338649966679,0,3,4,1,0,2,2,35.728779688836305,2,1,1,1,1,1,0,1
642,426,3,35.99948582381014,2,4,1985.8348322234515,0,1,4,2,0,2,0,27.758587108476902,2,1,1,2,1,1,0,1
643,627,0,45.36709081435747,2,9,4756.550656602174,4,1,4,1,1,4,2,43.99430140413768,2,0,1,2,1,0,0,2
644,426,3,8.786713665471277,2,4,1348.056920613581,0,1,2,2,0,4,0,28.540876132182696,2,1,1,2,1,1,0,1
645,730,0,17.99943362915516,2,3,1080.6039617598346,0,0,4,2,0,4,2,27.37685345831175,0,1,3,0,1,0,0,2
646,110,2,5.325010260713984,2,3,1199.0636167705725,0,1,1,1,0,1,1,27.750083193402023,2,1,1,2,1,0,0,2
647,426,0,8.652868792179824,2,4,1164.5851823252483,0,1,2,3,0,4,0,28.127377933350388,2,1,1,2,1,0,0,1
648,52,1,9.825964937697513,4,4,2500.9960325322145,1,4,4,2,0,4,3,28.91460947051966,2,1,2,2,1,0,0,1
649,823,3,9.432298814890396,4,4,1375.1849598688264,0,1,2,2,0,4,1,28.470262799681755,2,1,1,2,1,0,0,1
650,722,3,5.24331716013286,4,4,639.7592811939423,0,4,4,1,0,3,1,35.762748657303504,2,1,2,2,2,0,0,1
651,110,3,35.999561870962424,2,1,5874.681409015467,0,4,2,2,0,2,0,36.00848808612736,2,1,1,3,1,1,0,1
652,478,3,9.141067003148281,2,4,1477.0528555493502,0,1,2,2,0,4,0,28.61933413904622,2,1,1,2,1,1,0,1
653,823,3,8.818056149815712,2,4,1285.0604188861491,0,1,4,2,0,4,0,28.720680410039364,2,1,1,2,1,1,0,1
654,270,3,9.795016517834371,2,4,1212.544645684472,0,3,4,2,0,3,2,29.487143390272234,2,1,1,2,1,0,0,1
655,110,0,43.01553345208339,2,9,5340.641021951574,0,3,4,2,0,2,2,27.9424891569739,2,2,1,1,1,0,0,1
656,722,3,8.144758382202665,2,4,1103.214382513047,0,4,2,1,0,2,2,28.43382656721988,2,1,1,1,1,0,0,1
657,126,1,35.999916418395976,4,3,3881.687602370511,0,2,4,1,0,4,2,37.291740110933404,0,0,1,2,1,0,0,1
658,823,3,8.451215485733512,2,0,767.4937020298958,0,3,4,3,0,1,0,27.621300870098597,2,1,1,1,1,0,1,1
659,823,1,22.682407447654075,2,4,1300.6602268286572,0,1,3,2,0,1,2,28.620755696160742,2,1,1,2,1,1,0,2
660,418,1,22.740445171018834,2,3,2976.961858093411,1,2,1,2,0,1,1,35.57982953288972,2,1,1,2,2,1,0,1
661,817,3,5.405447006794476,2,4,1278.321237206835,0,2,2,2,0,2,0,43.13749253317674,2,1,1,1,1,0,0,1
662,238,3,9.397329148149012,4,0,854.8859223299878,0,3,4,1,0,4,0,27.188030740206095,2,1,2,2,1,0,0,1
663,614,3,22.212808968062756,3,9,1119.759990199976,4,2,4,1,0,2,3,26.020034703274234,2,1,1,3,1,0,0,1
664,959,2,8.41255100600543,2,4,594.4898523509273,0,2,4,2,0,2,2,35.55748132202991,2,1,2,2,1,0,0,2
665,155,0,43.199968000501066,2,0,5071.310107782729,4,3,4,1,0,2,0,69.34612046058857,2,1,1,2,1,0,0,1
666,869,3,23.43865961904825,4,0,700.3836580477732,4,4,4,3,0,4,0,51.592911961432286,2,1,2,2,1,0,0,1
667,722,3,10.596996489106271,3,4,1206.3172843584498,2,1,4,3,0,2,2,31.318558039885577,2,1,2,2,1,0,0,1
668,722,0,6.263292730236753,1,0,2692.157742908006,0,2,1,2,0,2,0,32.8256033058991,0,1,1,2,2,0,1,1
669,816,3,23.675393054146472,2,4,1424.0460873662428,0,2,4,2,0,4,3,51.55045420119444,2,1,1,2,1,0,0,1
670,823,3,23.342710275676808,4,4,3398.3006803293506,0,2,2,2,0,4,1,28.82865014738651,2,1,1,2,1,0,0,1
671,630,3,10.090349641769313,2,1,1600.1688159627665,0,3,3,3,0,2,0,24.632122244829734,2,1,1,2,1,0,0,1
672,393,1,22.975542995392363,2,0,7327.696746383204,0,2,4,2,0,2,2,37.113549839346,0,1,1,2,1,1,0,2
673,722,0,10.614392456687153,2,4,1024.822797610303,0,2,4,3,0,4,1,26.115372719605798,2,0,1,1,2,0,0,1
674,32,3,26.972832760522458,2,8,6828.925358230309,0,4,4,2,0,3,1,40.34267533509757,2,1,2,1,1,1,0,2
675,12,3,5.010703356932378,2,4,1135.3845641876628,0,2,3,1,0,2,2,27.215334876111868,2,1,1,2,1,0,0,1
676,917,0,35.99979611061518,2,1,6033.0946077266335,0,4,2,2,0,4,3,54.26581282239754,2,2,1,2,2,0,0,1
677,439,2,17.999353884696962,2,5,1065.7648155646145,4,1,2,2,0,4,0,33.279547824006784,0,1,1,1,2,1,0,1
678,996,2,23.116058400546688,2,0,911.5593726712791,0,2,4,1,0,2,3,27.813046057062138,2,2,1,2,1,0,0,1
679,816,3,23.4218468949091,2,1,4634.1706577831865,4,4,4,2,0,4,3,52.95382105824112,2,2,1,2,1,1,0,1
680,182,2,23.131538132396884,2,3,1544.1839983293282,0,4,4,2,0,4,2,44.353726613640646,2,2,2,2,1,1,0,1
681,488,0,9.701122268436169,4,0,1226.090997573121,0,4,2,2,0,3,0,50.718796135132905,0,1,2,1,2,0,1,1
682,803,3,9.214039157072554,2,3,1287.233656221186,4,3,4,2,0,1,2,35.89277106549122,2,1,1,2,1,1,0,1
683,627,3,17.999553328812123,4,3,5002.931207112546,3,2,2,2,0,2,3,36.10703711778678,0,1,1,2,2,1,0,1
684,595,0,10.795481042993181,2,9,3705.81924895325,0,3,3,2,1,4,1,23.80621479745897,2,0,1,2,1,1,0,1
685,194,0,23.46872317082453,2,1,3253.7816967771555,0,4,2,2,0,4,2,29.08703086675707,2,1,1,2,1,0,0,1
686,929,0,48.73421183014884,2,0,5091.069097933566,4,4,3,2,0,4,3,53.71189816993786,2,2,3,0,2,0,0,1
687,52,1,26.185145604770376,2,4,3156.663920240532,3,2,4,1,0,2,2,26.650047911178834,2,1,1,2,1,0,0,1
688,12,0,8.388456624363243,2,4,1171.3242459103415,0,3,4,1,2,2,0,25.48960947337373,2,1,1,2,1,0,1,1
689,383,0,35.99993652903293,2,0,5033.2592284772945,0,0,4,2,0,2,3,37.386113978818315,2,1,1,3,1,1,0,1
690,929,0,8.216493146818138,4,0,2661.408909973745,0,4,3,2,0,4,0,34.96184470050531,2,1,2,2,1,0,0,1
691,238,1,9.219458192264126,2,4,1450.6230842415619,0,3,4,1,0,2,3,36.71971872659177,2,1,1,2,1,0,0,2
692,614,3,17.99939327687025,4,0,661.1192191128642,0,0,4,3,0,4,3,27.272638304167074,2,1,1,0,1,0,0,1
693,393,0,21.009402385902625,4,1,882.2281760666069,3,4,3,1,0,4,0,44.90010576647938,2,1,2,2,1,0,0,1
694,126,1,10.069255875525894,2,4,3028.9858458504646,0,3,2,2,0,3,2,52.93630711042176,2,1,1,1,1,0,0,1
695,732,2,5.446944635699081,2,9,960.4914769042698,0,4,3,1,0,1,3,53.04284635153977,2,1,1,2,1,0,0,1
696,270,1,9.923066362060272,4,0,785.245085453211,0,4,4,2,0,4,1,37.43212749834808,2,1,2,2,2,0,0,2
697,963,3,23.639278478274665,2,4,1290.7188866089887,0,1,4,2,0,4,1,27.985227170896515,2,1,1,2,1,1,0,2
698,816,3,9.638788960922318,2,1,5760.686145705259,0,2,2,2,0,4,2,27.351056889698853,2,1,1,2,1,1,0,1
699,358,3,9.496665513019416,4,6,490.0804572693312,2,4,4,2,0,4,0,53.64806801444076,2,1,2,2,1,1,0,1
700,817,0,10.826835201665611,2,7,728.895719395219,4,3,4,1,0,4,1,36.44488395403517,2,0,1,1,2,0,0,2
701,627,1,26.48797095369155,4,3,4821.32529981717,1,2,4,2,0,4,2,38.58914894159591,2,1,1,2,1,0,0,2
702,614,0,17.999607575654984,2,9,3134.3801167153433,0,3,1,3,0,4,1,26.012621615699477,0,0,1,3,1,0,0,1
703,791,2,23.26363115869302,3,1,3393.1552189292347,0,4,3,1,0,2,2,34.67859927877132,2,1,2,3,1,0,0,1
704,917,1,17.999481329977513,4,0,6162.733551806107,0,0,2,1,0,1,3,37.81137946313813,2,1,3,3,1,0,0,1
705,868,0,9.166247410398393,2,3,1285.5032216026384,0,1,2,2,0,1,3,28.513966892214853,2,2,1,2,1,0,0,1
706,929,0,10.413539322547537,4,0,1047.4339269288405,0,2,2,2,0,4,1,34.211309439449714,2,2,2,1,1,0,0,2
707,803,1,35.99958419957761,2,1,5805.545886876182,0,2,2,2,0,2,2,35.03310867224723,2,1,1,2,1,1,0,1
708,627,1,22.840735420033333,2,7,1246.6164479861022,0,2,4,2,0,2,2,27.628393296710787,2,2,1,2,1,0,0,1
709,823,3,23.811753981167683,2,1,7165.197858225835,0,2,2,2,0,4,2,35.59744925375999,2,0,1,3,1,1,0,1
710,12,3,8.847001505478932,2,0,867.2051740400805,0,1,1,3,0,1,2,26.011976027396447,2,1,1,2,1,0,0,1
711,170,2,7.49310920215267,2,0,1268.060840143556,0,3,2,2,0,1,0,28.138858756265094,2,1,1,1,1,0,0,1
712,816,3,9.685996007153859,2,4,1393.1097098260434,0,1,2,2,0,4,0,28.54379467597292,2,1,1,2,1,1,0,1
713,113,1,17.999418857872485,4,0,951.5568730469963,3,0,4,2,0,2,2,54.54183903909015,0,1,1,0,1,0,0,1
714,418,3,24.788187838306275,2,3,2685.251735355555,3,1,4,3,0,2,0,36.76058721941409,2,1,1,2,1,0,0,1
715,703,3,9.5374192948952,2,3,1462.7465399346117,4,2,4,1,0,4,0,26.206327715270994,2,1,1,2,1,0,0,1
716,404,3,35.999777939096134,2,3,5488.950531598411,0,4,4,0,0,2,1,51.60445507660415,2,1,1,2,1,0,0,1
717,959,1,8.364726517537818,2,1,866.0521695498247,0,2,4,2,0,4,0,28.436094232398485,2,1,1,2,1,1,0,1
718,698,0,22.84466313207777,1,1,1618.5868412629466,3,4,3,2,0,4,3,52.1415332468988,1,0,2,2,2,0,0,1
719,309,3,17.999448015093805,4,0,753.1667136000273,0,1,4,3,0,3,0,34.40333200467485,1,1,1,2,1,1,0,1
720,927,3,17.999215987086295,4,9,801.5681361455912,0,3,4,1,0,2,0,33.99572442980507,2,1,1,1,1,1,0,1
721,182,3,25.55488101804315,4,1,1603.2303917684653,4,4,4,2,0,4,1,42.273162014972755,2,1,2,2,1,0,0,1
722,803,3,17.999188790380956,2,1,1198.0094740137959,4,4,4,2,0,4,0,69.00282655374205,2,1,1,1,1,1,0,1
723,812,0,35.999480526924174,3,0,2624.0496668192354,4,2,4,1,2,4,0,49.01255042171415,2,1,2,2,1,1,0,1
724,917,3,6.743223012149555,2,3,995.8346815878888,0,2,4,1,0,1,3,42.469000985200275,2,1,1,2,1,0,0,1
725,523,0,48.275642238188595,2,0,5684.078687367326,0,3,4,2,0,2,2,43.37584220548277,2,2,1,2,1,0,0,2
726,917,1,35.99989030803744,2,0,1368.998982131921,4,4,4,2,0,4,3,45.86772746856724,2,2,1,2,2,1,0,2
727,823,3,9.003145508196768,2,0,1131.744731594126,0,1,4,2,0,4,0,27.912841755673227,2,1,1,2,1,0,0,1
728,433,3,12.753513624956057,2,9,1147.5678050965084,0,4,2,2,0,2,0,41.21744604873091,2,2,2,1,1,0,0,1
729,270,1,9.80953705593783,4,5,1615.0500037006198,2,2,4,2,0,3,2,42.50484659132578,2,1,2,2,1,0,0,1
730,52,3,22.221548044311618,3,3,2272.4453561297314,2,3,4,2,0,3,0,41.28719955635409,2,2,1,2,1,0,0,1
731,478,3,9.424862133771217,2,4,1315.1944874867722,0,1,2,2,0,4,0,28.59126580953194,2,1,1,2,1,1,0,1
732,170,0,9.723382215060553,2,7,792.6151095898605,0,1,4,1,0,4,3,36.372696108932615,2,1,1,2,1,1,0,1
733,634,3,22.37324150691828,2,4,5175.677994524622,4,4,3,2,0,4,0,41.246243253384854,2,0,1,2,1,1,0,2
734,411,3,49.18886430947906,2,1,7831.096118610129,0,1,4,2,0,2,2,29.02883474179117,2,1,1,2,1,0,0,1
735,478,3,10.574637277147026,4,1,1608.6262516852748,0,2,2,2,0,4,0,27.231461272588582,2,1,2,2,1,1,0,1
736,917,0,50.144363993103426,3,0,5429.470111084789,0,2,4,2,0,2,3,27.40818693215642,2,2,3,0,1,1,0,2
737,259,3,17.999500657200812,2,7,1410.3808968413578,0,3,4,2,2,2,0,34.20443690108623,2,1,2,2,1,1,0,1
738,433,1,9.457735431147187,2,7,1603.324850274566,0,1,1,1,0,1,2,23.592567050314607,2,0,3,2,1,1,0,1
739,634,3,23.006565735294682,4,9,1038.6040557748843,0,3,4,2,0,4,3,42.694899744619406,2,1,2,2,1,1,0,1
740,529,0,9.860783240738023,4,0,1024.6503463066128,0,2,3,2,0,4,0,26.708904300787722,2,0,1,1,1,0,0,1
741,559,3,17.999597506076096,2,9,6647.871824499547,0,1,3,1,0,1,0,25.247768574497073,2,0,1,1,1,0,0,1
742,869,0,22.442215889025004,2,9,989.4283400348222,0,2,3,2,0,2,2,26.59505156963398,2,1,1,2,1,0,0,1
743,321,0,17.999105385959147,0,3,591.8896875368079,0,0,2,1,0,1,2,34.385330125879356,0,1,3,3,1,0,0,2
744,126,3,10.096980257506267,2,4,1427.2040069679256,0,1,2,2,0,4,0,28.562317582240656,2,1,1,2,1,1,0,1
745,439,0,22.714642717775924,2,2,7404.2042083512315,0,4,3,0,1,4,3,51.980425097909375,2,2,1,0,1,0,0,2
746,722,1,9.192143843098739,2,4,939.4353448038619,4,1,3,3,0,1,0,25.508367621052365,2,1,2,1,1,0,0,1
747,627,3,22.036527955290282,3,4,2503.9605154007304,2,4,3,1,0,2,2,24.052576874317413,2,0,1,3,1,0,0,1
748,478,0,10.427895391286896,2,6,993.3115479469888,0,2,2,1,0,4,0,62.6700842985374,2,1,1,1,1,1,0,2
749,111,3,23.337462622060063,2,9,2601.9512012166797,0,1,4,2,0,4,1,44.587488125636895,2,0,1,2,1,1,0,1
750,722,3,7.230869622302652,4,0,1094.2652024547963,0,2,3,2,0,2,1,42.188986366434435,2,0,1,1,2,0,0,1
751,393,1,8.319208804714847,2,0,10765.032673148264,0,0,3,2,2,4,2,25.693092267204758,2,1,2,1,1,1,0,2
752,722,3,5.5442239034645215,2,9,886.850113942184,0,4,4,1,0,2,3,26.429312259782847,2,0,2,2,1,0,0,1
753,823,1,8.675318211805656,2,4,374.41762769168304,4,3,4,1,2,1,2,26.30803176471439,2,1,1,1,1,0,0,1
754,457,0,43.062814703986746,2,9,3551.9749633891993,0,0,3,2,1,4,2,34.78569828896326,2,1,1,2,1,0,0,2
755,816,3,10.294469183551053,4,4,1930.4131806234832,0,4,2,2,0,4,0,36.91334806950701,2,1,1,2,1,0,0,1
756,917,3,10.136969482721577,4,1,2852.4673873940724,0,2,3,2,0,2,2,34.733494953981044,1,1,2,2,2,0,0,2
757,823,3,22.89968732632551,2,4,1237.2155912741932,0,1,4,2,0,4,1,29.214330026449172,2,1,1,2,1,1,0,1
758,393,3,9.886455132723714,2,0,6752.624969862064,1,3,1,1,0,2,1,33.64324615172972,2,1,2,3,2,0,0,1
759,433,0,12.962646731495436,2,0,1226.0861219688588,0,2,4,2,2,2,2,29.05405040038992,2,1,1,2,1,0,1,1
760,321,1,9.076690554047989,2,3,3914.0071030835943,1,2,2,0,0,2,0,54.89375300156704,2,1,1,1,1,0,0,2
761,963,3,23.141998637719308,2,4,3154.075352666625,0,3,4,2,0,2,0,26.28637426527984,2,1,1,2,1,0,0,1
762,500,2,19.53266459987546,3,3,1421.7351184284544,0,2,1,1,0,2,2,24.455736700907664,2,1,2,2,1,0,0,1
763,478,2,9.982345647479482,2,4,1057.7706128588077,0,1,1,2,0,1,1,26.676117783959665,2,1,1,2,1,0,0,1
764,722,3,7.733539348142844,2,9,878.9306480075909,0,2,1,0,0,2,0,32.079482817010955,0,1,1,1,1,0,0,1
765,182,3,23.23872026713533,2,1,4614.270449354637,4,0,4,3,0,4,2,51.57838864656133,1,1,2,3,1,1,0,1
766,418,1,9.882080793335218,2,4,1248.0602510599724,4,4,4,3,0,2,0,23.940924484899096,2,1,1,1,1,0,0,2
767,110,3,11.306237522159009,2,0,2175.487401274685,4,2,4,1,0,4,3,39.06439774355595,2,2,3,2,2,1,0,1
768,627,1,23.13400226589063,2,9,1593.6136925619946,1,3,2,2,0,2,0,34.233216848876424,2,1,1,2,1,0,0,1
769,553,1,9.895785559814405,2,4,1309.8745958951943,0,2,4,2,0,4,0,27.094625734371075,2,1,2,2,1,1,0,2
770,823,1,12.225098472282586,2,4,1637.800467329192,0,1,2,3,0,1,1,26.582238783540543,2,1,1,2,1,1,0,2
771,627,1,23.092326344630997,4,0,1013.46257219737,4,4,4,2,0,4,0,36.65237983331703,2,1,2,2,1,1,0,1
772,812,0,8.666850074734306,2,0,4739.869347277763,0,2,4,2,1,4,2,27.405111215004556,2,0,1,2,1,0,0,2
773,433,1,10.838086022164221,2,4,2046.1308734020313,0,3,2,2,0,2,0,26.792674460095526,2,0,1,2,1,0,0,1
774,385,3,10.281698408040528,2,0,1717.6535188271291,0,4,4,1,0,4,3,26.233787232659694,2,0,1,3,1,0,0,1
775,756,0,9.498181654864812,2,0,958.5109018552962,0,1,4,1,0,4,1,27.42629105077001,2,1,1,2,1,0,0,2
776,602,3,17.999773602440953,4,9,1139.5621303806734,0,4,4,3,0,4,0,24.89906767516017,0,1,1,1,1,0,0,1
777,433,2,5.0972093222339625,4,3,3417.451007470906,0,2,2,2,0,2,1,43.845544250501646,2,1,2,3,2,1,0,1
778,478,0,9.853549272471197,2,3,1325.1109688729455,0,1,4,1,0,4,1,26.75945038355059,2,1,1,2,1,0,0,1
779,929,1,17.999233055710793,4,3,790.6318015032037,0,4,3,1,2,3,3,35.638876515350255,0,1,2,1,1,0,0,1
780,571,1,22.6564555043841,2,8,1259.0477711118097,0,2,3,3,0,4,3,24.9374930209879,2,2,1,2,1,1,0,1
781,12,3,9.051502632287905,4,1,2662.2169278828096,0,2,2,2,1,4,3,42.31224225044195,2,0,2,2,2,0,0,1
782,536,0,18.000029100894928,2,9,1244.0567726191414,4,1,4,1,2,4,1,23.828649289635706,2,0,1,1,1,1,0,1
783,722,3,11.241110740292118,2,3,2251.545144323877,1,2,4,2,0,3,1,35.510207488658935,2,1,1,2,1,0,0,1
784,917,3,17.999334211826323,2,1,4932.9175253630765,0,0,2,2,0,4,3,36.820495576585735,1,0,1,3,1,1,0,1
785,917,1,17.999833812743425,4,3,1134.515019568724,0,0,4,1,0,2,2,36.456375904556445,2,1,1,3,1,1,0,1
786,614,0,22.742165967330383,4,0,749.8098010185118,0,1,4,2,0,4,1,29.18364589532008,2,1,2,2,1,1,0,1
787,929,0,10.607015254256284,2,4,861.4599239354974,0,2,4,2,0,3,2,42.24230590297319,2,1,1,1,2,0,0,1
788,816,3,5.184065606833787,4,4,1805.881036422105,0,1,2,2,0,3,2,27.59606319698991,2,1,1,2,1,1,0,1
789,110,2,28.733122755314767,4,3,5819.763921261334,0,4,1,1,0,1,1,50.404137914794546,2,1,1,2,1,0,0,1
790,270,1,8.680787343730378,2,1,836.4854255863069,0,2,3,2,0,2,2,35.182520810228745,2,1,1,1,1,1,0,1
791,348,3,11.301644367396792,2,1,2394.7914461807177,4,0,4,1,0,2,2,35.82272159943665,2,0,1,3,1,1,0,1
792,614,1,22.15687248917366,3,4,5054.354340336661,0,3,3,3,0,2,2,25.136172778581532,2,1,2,2,1,0,0,2
793,433,1,12.03592256235329,2,4,943.7294531222773,4,3,4,3,0,3,2,27.001603849271,1,1,1,1,1,0,0,2
794,433,0,5.315703719029992,4,0,1372.9201489007987,0,2,4,2,0,3,2,44.79150358580182,2,1,2,3,1,1,0,1
795,823,1,10.195211765764586,4,4,1921.093049746847,0,1,2,2,0,1,2,27.256112574719417,2,1,1,2,1,0,0,1
796,110,1,51.29414587878478,0,2,13382.822474642035,4,4,2,2,1,4,3,66.67518677436843,2,1,1,3,1,0,0,1
797,393,3,25.901710456978805,2,1,4652.692591778126,4,4,4,2,0,4,2,28.735308283944335,2,0,1,2,1,0,0,2
798,917,0,20.29929185371945,2,1,4990.584314907089,0,2,1,2,0,4,2,35.39587142512072,2,1,1,2,1,1,0,1
799,304,3,23.537994318318315,4,0,3521.8026886993734,0,2,3,2,0,2,1,41.170479131463594,2,0,2,1,2,0,0,1
800,367,1,8.268418768561673,2,4,892.4471051877542,4,4,4,1,0,4,0,37.160692870028114,2,0,1,2,1,0,0,2
801,32,2,28.192551631159706,3,3,5948.089448925046,1,3,2,0,0,2,2,67.83956285951184,2,1,2,2,1,0,0,2
802,805,0,8.211981220330385,2,3,838.4358697383531,0,1,2,2,0,1,0,25.987350451524318,2,1,1,1,1,0,0,1
803,267,1,17.999279160618784,4,9,2805.35440479649,0,4,4,1,0,3,0,36.55319511147485,2,1,2,3,1,1,0,1
804,959,1,5.861326204955885,2,3,1439.9613935095447,1,2,2,2,0,2,2,28.386636331981446,2,1,1,3,1,1,0,2
805,393,1,9.358016184101997,4,3,1053.5456402714158,3,2,4,1,0,2,1,48.620825301891905,2,1,2,2,1,0,0,1
806,816,3,8.118715237640952,4,4,911.6882640780676,2,4,4,0,0,4,0,53.11023262209715,2,1,2,2,1,1,0,1
807,722,0,9.243737573985157,2,5,1234.0642301194202,4,3,4,2,0,1,0,27.54037894467331,2,1,1,1,1,0,0,1
808,869,0,23.28558705162047,2,9,1760.70979448845,4,1,1,1,0,4,0,23.756332819079194,2,0,1,2,1,1,0,1
809,238,3,10.912001191178504,2,1,2251.3089874415377,0,3,2,2,0,4,2,36.57447440493831,2,1,1,2,1,0,0,1
810,917,3,10.363443685263812,4,0,5054.061531817336,4,4,4,2,0,4,3,54.161052334359624,2,2,2,3,1,1,0,1
811,418,3,9.377703574020689,2,0,1585.1546035203942,0,2,3,2,0,2,2,41.88214990228115,2,1,1,1,2,0,0,1
812,869,0,10.765136213283926,2,3,1416.102171710277,0,2,2,2,0,4,1,24.664163169456906,0,1,1,2,1,1,0,2
813,393,1,26.19608004884527,2,3,2392.7090872147323,4,4,4,2,0,4,1,33.787183285554825,2,1,1,3,1,0,0,1
814,110,3,17.999205925405025,1,0,4541.691967096198,0,3,3,2,0,4,2,25.976122368836094,2,0,2,2,1,0,0,2
815,478,3,8.860928576211471,2,4,1366.7243271670527,0,1,2,2,0,4,0,28.52893573504117,2,1,1,2,1,1,0,1
816,803,1,17.99931456851959,4,4,2378.7705473099636,0,3,4,1,2,4,0,36.420950690342394,2,1,2,2,1,0,0,1
817,32,1,9.568572753530447,4,0,2842.108546256326,0,3,4,2,0,4,3,38.076375188499675,2,0,2,3,1,1,0,2
818,478,0,17.999802813529968,2,0,964.8429115316206,0,1,4,1,0,3,1,28.815237337905963,2,1,2,2,1,0,0,1
819,110,1,24.99178162816653,2,9,2211.6742720522584,0,4,2,1,0,1,0,27.567136472243213,2,1,1,1,1,0,0,2
820,218,3,22.82028913909348,2,0,1330.7063405406295,2,2,3,2,0,4,3,42.49132567589316,2,1,1,2,1,0,0,1
821,321,1,35.999595428645655,2,0,1484.1249638167521,0,2,4,2,2,4,0,23.344874290190802,0,0,1,2,1,1,0,2
822,385,1,9.530447708268245,2,7,1235.2287403609103,0,1,4,2,0,1,1,26.73943407436458,2,1,2,2,1,0,0,2
823,929,3,23.284075699537322,2,4,2938.8194935315787,4,4,4,2,0,1,1,36.228386273618014,2,1,1,2,1,1,0,1
824,368,3,23.513703929015826,4,1,6918.234882050319,0,3,3,2,0,2,1,24.847096152878894,2,1,2,3,1,0,0,1
825,19,3,25.85738974866891,3,4,2130.7619056673634,0,4,3,2,0,3,2,34.19713866437405,2,1,1,1,1,0,0,2
826,478,3,10.770081051585777,2,0,1397.7786407662288,0,1,2,1,0,4,2,26.711257378851776,2,0,2,2,1,0,0,2
827,823,1,17.99932543772459,4,4,704.9807623957595,0,3,4,2,2,1,0,26.69479487712452,2,1,1,2,1,0,0,1
828,929,3,9.319393839304832,4,4,1398.7931123000915,0,4,2,2,0,2,2,42.826358634248265,2,1,2,1,1,0,0,1
829,426,1,23.586487380288368,4,1,867.899635541264,0,4,4,3,0,4,3,29.537474020951418,0,2,2,2,1,0,0,1
830,110,0,35.999560729622885,3,9,3187.255484599094,0,2,4,1,0,2,0,24.428381539122267,2,1,2,3,1,1,0,1
831,478,0,35.99950749072437,2,4,1709.8001181738166,0,2,4,1,0,2,2,25.73612739168396,2,1,1,2,1,1,0,2
832,45,1,10.25282090661319,4,4,932.9124611253901,0,2,4,2,0,2,2,41.63467831385705,2,1,2,1,1,0,0,2
833,627,1,22.44921012400558,4,4,1322.3751812814476,0,3,3,1,0,3,2,37.20954522516854,2,0,1,2,1,0,0,2
834,959,1,35.99945103472476,4,4,1543.8064089286688,0,2,4,2,0,2,2,26.892923504021706,2,1,1,2,1,0,0,1
835,823,3,9.061404609428763,2,0,740.1189892531378,0,3,4,2,0,1,0,28.81140408269511,2,1,1,2,1,0,1,1
836,917,0,35.99969588243965,2,0,679.5236973188493,4,4,4,2,0,4,3,41.66825512442628,2,2,1,2,2,1,0,1
837,869,0,7.880062273259268,2,1,2982.280300339002,0,3,3,2,0,2,0,26.693590905282626,2,1,1,2,1,0,0,1
838,426,3,35.99961499291663,4,9,3692.4192904025645,0,4,4,1,0,2,2,34.697539000146655,2,1,2,3,1,1,0,1
839,959,1,17.999900357767938,1,9,1932.6426982900707,1,3,3,3,0,2,2,24.855113871528893,0,1,1,1,1,0,0,2
840,393,1,24.10391855558732,2,1,9746.595436865606,1,3,3,2,0,4,3,29.194961012117354,2,1,1,1,1,1,0,1
841,917,1,23.768762864050892,3,3,6137.951140293409,0,3,3,2,0,3,2,35.43428986203034,2,1,2,3,1,1,0,1
842,483,3,10.261240288828171,4,7,1236.197433513579,4,3,4,1,0,2,2,36.42762326024014,2,1,2,2,1,0,0,1
843,553,1,9.771626800419007,2,6,1354.834103326114,4,4,3,2,2,1,0,48.02689806607329,0,1,2,2,1,0,0,2
844,334,3,4.9329836429576455,4,4,898.3594754854848,0,2,1,1,0,2,1,64.25686671180313,2,1,1,2,1,0,0,1
845,934,0,20.362221934827105,4,4,1461.2450362353025,0,4,4,2,0,4,0,26.23692455630836,2,1,1,2,1,0,0,1
846,869,3,9.658666718426979,2,0,891.7845628674141,0,3,3,3,0,3,2,27.180293066601106,2,1,1,2,1,0,0,1
847,110,1,17.99943502783775,1,0,4799.472768645325,0,0,3,3,0,2,2,27.274336322569177,2,1,3,0,1,1,0,1
848,478,3,35.99946861803536,4,3,1964.3276139404898,0,2,4,2,0,4,0,36.29000214106365,2,1,2,2,1,1,0,1
849,817,1,10.459577504644551,2,4,1332.7632550681,0,2,2,2,1,1,1,53.13904091005514,2,1,1,2,1,0,0,1
850,627,3,23.204228725843087,4,3,3288.6230015936553,0,4,4,2,0,4,2,45.79155927248122,2,1,1,3,1,1,0,1
851,959,1,47.076978513098396,4,3,5563.427615146101,1,3,4,2,0,4,2,36.428770006143445,0,2,1,2,1,0,0,1
852,309,0,35.99943418437247,2,4,1478.1478167300438,4,4,2,2,0,2,0,52.3756426093671,2,1,1,2,1,1,0,1
853,315,1,9.72482902660561,4,0,2812.259002195522,0,4,2,2,0,3,1,66.4894245345393,2,1,1,2,1,1,0,1
854,627,1,22.938137426810634,4,4,1053.742418984607,0,4,4,1,0,3,2,36.1678620008726,2,1,2,2,1,1,0,1
855,553,1,28.254670194977578,2,4,1202.146027770955,2,2,1,3,0,2,1,31.253919015703225,2,1,1,2,1,0,0,2
856,627,1,35.999944246172944,3,1,8384.39122144367,0,2,3,3,0,2,2,25.700935299011856,2,1,2,3,1,1,0,1
857,222,3,50.567388897064994,2,4,6015.917505230422,4,4,4,2,0,2,2,44.66101838996667,2,2,1,2,1,1,0,1
858,12,3,9.509791214938462,2,7,651.9088146380282,0,1,4,3,0,4,1,25.845085734116875,2,0,1,2,1,0,0,1
859,869,0,22.863076032268534,2,7,1108.935069019687,0,3,4,3,0,3,1,27.797496304221678,2,0,1,2,1,0,0,2
860,383,1,17.99947472977638,1,9,1630.3649346411603,3,3,4,1,0,4,0,32.52742787295508,0,1,1,1,1,0,0,1
861,934,1,22.968158029864853,2,3,1709.026347968011,0,3,4,1,0,4,2,28.326908748006456,2,1,1,2,1,0,0,1
862,426,0,17.999713971346615,2,0,706.0535977806411,0,1,1,1,0,1,1,25.917407964283544,2,0,1,2,1,1,0,1
863,45,1,8.800242646092178,2,4,750.0777061938785,0,4,4,2,0,3,2,34.932824010456976,2,1,1,2,1,0,0,2
864,111,2,10.682860072832698,2,0,948.3317873571882,2,2,2,2,0,2,0,52.91596459279309,2,0,1,2,1,0,0,1
865,722,3,9.669575729362599,4,0,1397.2975586515715,4,4,2,1,0,4,0,49.90148865570398,2,1,2,1,1,0,0,1
866,869,0,10.226253535522446,1,0,868.6786525045974,0,0,4,1,0,1,2,37.24575960955811,2,1,1,1,2,0,0,2
867,821,3,24.187799901273873,2,9,3380.180251443436,4,3,2,2,0,4,1,42.193382477433424,2,1,1,1,1,1,0,1
868,553,1,46.60975526367975,2,0,6012.058170598943,0,2,3,2,1,4,3,66.82628636401299,2,0,2,0,1,1,0,2
869,917,3,8.520090263636845,4,0,8203.147237623192,0,3,1,2,0,4,2,27.148574594815216,2,1,2,3,1,0,0,1
870,393,3,40.43762452421153,3,9,2618.318219812819,0,2,4,2,0,2,2,27.96686843485017,2,1,1,2,1,1,0,1
871,45,1,52.50457001575261,2,1,10547.777718240277,4,3,2,2,2,2,3,46.92391117620867,2,2,1,2,1,1,0,1
872,489,3,17.99954002982378,4,9,2077.2556278500724,0,2,3,1,0,1,2,26.719451384236386,0,1,1,3,1,0,0,1
873,869,0,18.00007092116773,2,3,6842.36256989726,0,4,3,2,0,4,3,25.920085671041612,2,0,1,3,1,1,0,1
874,812,1,17.99956933224201,2,9,1935.0477714512972,4,3,4,2,0,2,2,35.88209840060502,2,1,1,2,1,1,0,1
875,270,1,9.273971757567107,2,4,2840.3845121366962,0,1,2,2,0,3,3,45.565881634926356,2,1,1,3,1,1,0,2
876,812,1,46.012251432611606,2,0,4912.027459251575,1,3,4,2,0,2,2,28.13851266769027,2,1,1,1,1,0,0,2
877,614,0,49.32304409860848,2,2,13024.269417102165,0,0,4,2,1,2,3,36.471033062446025,2,2,1,2,1,1,0,2
878,823,3,9.119496244438515,2,4,1283.4933254456807,0,1,2,2,0,4,1,28.647398031527487,2,1,1,2,1,1,0,1
879,794,3,22.802905426327143,4,4,3307.044582570202,0,3,2,2,0,2,3,36.59707515025428,2,1,1,3,1,1,0,1
880,321,1,17.99929581016302,0,3,1395.9343548834518,0,1,2,0,0,4,3,34.92224042202047,0,1,1,2,1,0,0,2
881,170,3,10.12593098067661,2,5,724.288492685443,0,2,4,2,0,3,0,34.49982719827521,0,1,2,1,1,0,0,1
882,722,3,10.275997981288024,2,4,964.2987333618078,1,2,4,1,0,1,3,28.340047826681282,2,1,1,1,1,0,0,2
883,917,3,9.280593203812725,4,0,1308.1960046396127,0,2,4,2,0,2,2,49.91038555107922,2,1,2,2,2,0,0,2
884,267,1,23.011067046109638,2,4,1813.4642037568392,0,1,4,2,0,2,1,36.53283742364163,2,1,1,3,1,1,0,1
885,433,1,9.878936865496263,2,0,1822.2114426973858,2,2,3,3,0,3,1,24.71412006543251,2,0,1,2,1,0,0,1
886,722,2,10.736588450119703,4,9,1157.5830722984474,0,4,1,2,0,2,0,26.912093875798746,2,1,1,2,1,0,0,1
887,385,3,9.051533942746124,2,4,3230.939460341563,0,4,4,2,0,2,1,27.334626385805805,2,1,1,2,1,1,0,1
888,866,1,8.836709668404026,2,4,1037.438836968069,0,3,4,1,0,4,1,36.86694232332909,2,0,1,2,1,0,0,1
889,817,3,5.453788207281146,3,9,686.0120637436182,0,3,3,2,0,2,2,34.74605672899082,2,1,2,2,1,0,0,1
890,267,3,22.929966254474117,4,4,5651.392174493487,0,3,4,1,0,3,2,37.35525688070065,2,1,1,2,1,0,0,1
891,426,1,22.579932429577365,2,4,2848.231286523514,0,1,3,2,0,1,2,26.694998895315443,2,1,1,2,1,0,0,2
892,45,3,14.413675526897663,2,4,828.2340811498364,4,4,4,2,0,4,1,28.41263154314912,2,1,1,2,1,0,0,1
893,917,1,9.178000819662945,0,3,2797.2351304179538,0,2,2,2,0,3,1,34.7680454592293,2,1,1,3,1,0,0,1
894,917,0,17.999576383560896,2,9,5955.048671023608,0,2,3,2,2,4,0,25.16281172217785,0,1,1,1,1,0,0,1
895,823,3,22.354994548567085,4,4,886.3168679231039,0,2,4,3,0,3,0,49.683998705852844,2,1,2,1,1,0,0,1
896,627,1,35.99986505401139,4,4,4870.916584647904,0,2,4,2,0,2,2,36.15582180385239,2,2,1,3,1,1,0,1
897,263,1,17.99924309170246,4,0,1173.396934451601,0,0,2,1,0,3,2,68.63593474735198,2,1,3,0,1,0,0,1
898,270,3,9.183305348035887,2,7,3060.616851313235,0,1,3,0,0,4,3,36.1025511842397,2,1,1,2,1,0,0,2
899,816,3,22.712272865823056,2,1,4159.689672348629,0,3,2,2,0,2,2,41.87145162875304,2,1,1,2,1,0,0,1
900,816,3,10.80931091152641,2,9,653.9699299456415,0,1,4,3,0,4,0,26.195864082173948,2,0,1,1,1,0,0,1
901,917,1,50.54914113362833,2,2,12334.977980307538,4,4,4,2,1,1,3,68.50295772761832,2,2,1,3,1,1,0,1
902,110,3,35.999457355320494,2,0,5524.224184595773,1,4,4,2,0,2,2,36.356132424750065,1,1,1,2,1,1,0,1
903,393,3,35.99943771439795,3,1,8242.922545971667,0,2,3,3,0,2,2,26.100737379539513,2,1,2,2,1,1,0,1
904,929,2,5.0443121817011285,4,4,1208.1589131212572,2,4,1,3,0,3,2,40.8933494723782,2,1,2,2,1,1,0,1
905,270,3,9.741255387571607,2,7,864.6455661555316,0,4,4,1,0,4,2,69.06458097578448,2,1,1,2,1,1,0,1
906,500,2,10.78675068083425,4,4,1612.9691497875165,1,4,4,1,0,2,0,26.847196977711395,2,1,1,2,1,0,0,1
907,890,1,10.341081644181022,2,7,923.5026123820915,1,4,3,2,0,4,2,26.069083202068498,2,0,2,2,2,0,0,2
908,823,1,9.826268828059138,2,4,1241.6561195558963,0,1,4,2,2,1,0,25.15795065386838,2,1,1,2,1,0,0,2
909,426,3,17.999631443232296,2,4,1789.1756641249287,0,1,4,2,0,4,2,26.164989969237205,2,1,1,2,1,0,0,1
910,433,0,9.495214139093305,2,0,1478.0313420870505,0,1,3,2,0,2,0,51.54094348298557,2,1,1,2,1,1,0,1
911,321,0,17.999450344860552,2,9,1218.642862544661,0,1,4,2,1,2,0,25.26330469626016,0,1,1,2,1,0,0,1
912,823,3,21.919641624032998,2,3,1570.9030182505571,0,3,4,1,0,4,0,44.372562219122926,2,1,1,3,1,1,0,1
913,963,3,9.721250420148127,0,1,3214.8982175764413,0,3,2,2,0,2,2,36.32635512913462,2,1,1,2,1,0,0,1
914,816,3,10.107764831735082,4,4,737.0159455053073,0,4,4,2,0,2,0,53.11342195048215,2,0,2,2,1,0,0,1
915,614,0,22.230319865994975,1,3,1249.5599464415245,3,0,4,3,0,1,0,33.882878741356066,0,0,1,2,1,0,0,1
916,110,1,41.978379229230825,2,9,6124.729545799067,0,2,2,1,0,4,2,33.762878306835276,0,0,1,1,1,1,0,2
917,823,3,35.99965387067203,4,4,1962.0621618895489,0,2,4,2,0,4,0,27.001524494642158,2,1,2,2,1,1,0,2
918,536,3,8.618616045473196,2,4,1251.5204792141544,0,1,2,2,0,4,0,28.545395420959018,2,1,1,2,1,0,0,1
919,385,2,9.429568453475282,2,9,860.485005530328,0,2,4,1,0,2,0,35.520916255812935,2,1,1,1,1,0,0,1
920,996,1,50.69073480512895,3,9,6233.924833758158,1,1,3,1,1,4,2,38.29883228296172,2,0,1,2,1,0,0,2
921,52,3,9.334714672720358,2,3,640.0925768264703,0,0,4,2,0,3,0,33.93618550859116,2,1,1,1,1,0,0,2
922,869,1,23.874812829346272,2,0,2751.500305344516,0,3,3,2,0,2,1,26.66324902298825,2,1,1,1,1,0,0,2
923,500,0,22.298514685293895,2,9,2400.90859446021,3,2,3,1,0,2,0,27.304751159925555,2,1,1,1,1,0,0,1
924,961,3,6.157074058274546,2,6,548.9419910762844,2,4,3,1,0,2,2,68.43825876210761,2,1,2,2,1,1,0,1
925,89,0,24.551702618940492,4,4,3726.4638950068365,0,4,2,2,0,4,2,44.22706990377049,2,0,1,3,1,1,0,1
926,270,1,10.113025614924972,2,7,1281.0732880596086,1,4,2,1,0,4,1,52.173735123078025,2,1,1,1,1,0,0,1
927,110,1,49.181244204765065,2,2,11351.274553892637,1,4,1,2,0,4,2,35.289720054103896,2,1,1,2,1,1,0,1
928,110,3,23.903994627248625,2,1,1814.655234586218,0,4,2,2,0,4,0,44.712303510655374,2,1,2,3,1,1,0,1
929,627,3,23.398175663242515,3,0,1795.605084662876,4,2,3,1,0,2,2,41.85150875671922,2,1,2,2,1,1,0,1
930,917,1,17.999172797620297,4,0,2175.502475328474,0,4,1,2,0,4,2,44.13750124921603,2,1,1,2,1,1,0,1
931,694,1,10.553147925628627,4,1,1407.6688925824146,0,3,4,2,0,2,2,48.65376564925259,2,1,2,2,1,1,0,1
932,571,1,24.261083274089305,2,9,2953.1300221830734,4,2,4,2,0,4,3,36.77725304217337,0,2,1,1,1,0,0,2
933,627,1,22.08669965580234,2,0,1192.2560922785751,4,4,4,1,0,2,0,35.72214485397224,2,1,1,2,1,0,0,2
934,949,1,11.043033222362048,2,1,1319.6417640096683,3,3,3,1,0,4,1,40.68467154880167,2,1,1,1,1,0,0,1
935,779,3,10.123263463824063,2,4,960.0229465182317,0,4,4,3,0,3,2,43.16241140474736,2,1,1,1,1,0,0,1
936,42,3,45.678339118842445,2,1,4950.059855185445,0,3,4,2,0,2,2,25.805878169234035,2,1,2,2,2,0,0,1
937,559,1,35.9995389977992,2,1,5502.441065797719,0,2,4,2,0,4,0,43.34684730509783,2,1,1,2,2,1,0,1
938,627,1,35.9994350432754,2,0,6145.561269613631,1,4,4,2,0,2,0,37.57220212038746,0,0,1,2,1,1,0,1
939,996,3,22.371009597085624,3,3,3843.178111659949,0,3,3,1,0,2,0,34.72353744055044,2,1,1,2,1,1,0,1
940,929,0,24.33230997260381,1,9,5053.822577725952,0,4,3,2,0,4,3,36.786750297044144,2,2,1,0,1,0,0,1
941,692,3,8.734614136496948,2,4,1393.8371196148523,0,1,2,2,0,4,1,27.117580895306084,2,1,1,2,1,1,0,1
942,155,3,22.924224571910784,2,1,6217.551076433808,0,4,4,2,0,2,3,36.850447033895094,2,2,2,3,1,1,0,1
943,959,1,36.000078763335985,0,0,6338.496502995902,4,4,1,2,0,2,0,35.89808027587886,2,1,1,2,1,0,0,1
944,478,0,46.21204438234039,2,0,6466.04997590769,0,2,3,2,1,4,2,43.675879290683675,2,0,2,2,1,0,0,2
945,816,3,9.951929058113794,2,4,914.9471921974591,0,2,3,3,0,2,0,52.68121370141804,2,1,2,1,1,1,0,1
946,627,1,22.690720675063933,2,3,5600.1997509791945,0,4,3,2,0,2,2,35.77848180790824,2,1,2,3,1,1,0,1
947,917,3,17.999267624080183,2,0,676.9381087057069,4,1,4,2,0,4,0,36.21626842950926,2,1,1,2,1,0,0,1
948,315,0,22.881932024063325,2,9,3162.145040702093,4,1,4,2,0,3,1,53.34142554361205,2,0,1,2,1,1,0,1
949,170,0,10.762493809096217,4,3,910.5208858340706,0,1,4,2,0,4,1,28.518593352403894,2,0,2,2,1,1,0,1
950,419,3,35.99981949284677,4,4,3037.718853035119,0,4,3,2,0,2,2,42.31897126813302,2,1,2,2,1,0,0,1
951,917,3,17.99937229669094,4,9,1250.14474902332,0,4,4,3,0,4,0,24.771793217796077,0,1,2,3,1,1,0,1
952,478,0,17.999511697262527,2,3,1760.235123202926,0,2,2,1,0,2,2,25.052077265295473,2,1,1,2,1,0,0,2
953,393,1,17.999630763471128,1,0,1019.6167657182559,4,4,4,2,0,4,3,59.247321634978476,2,2,1,3,1,1,0,1
954,559,0,17.999739065110685,2,4,998.555774884189,0,3,4,2,0,2,1,25.335096722313963,2,0,1,2,1,0,0,2
955,823,3,8.882825858271232,2,0,1311.5638409365595,0,2,1,2,0,1,0,28.787649573197744,2,1,1,2,1,0,0,1
956,816,3,8.500908045596898,2,0,841.9847022994009,0,3,4,2,0,1,0,28.811521493414773,2,1,1,2,1,0,0,1
957,12,3,9.880404520860647,2,7,1257.5816988420022,0,1,1,1,0,4,1,48.69763224592047,2,1,1,3,1,1,0,1
958,917,1,9.707836751471921,3,3,1950.3212344497063,0,2,2,2,0,2,0,51.605758305366294,2,1,1,2,1,1,0,2
959,313,3,9.281550767083502,4,4,658.9092376045307,2,4,4,2,0,4,0,51.79114671211895,2,1,2,1,1,0,0,1
960,324,3,17.999724303245543,1,4,3464.67659568159,0,1,4,2,0,1,0,25.574968934442175,2,1,2,2,1,0,0,1
961,630,3,24.443674427004222,2,3,1661.2429968333245,4,4,2,2,0,4,1,35.10694515734287,2,1,1,1,1,0,0,1
962,113,1,35.99977459163968,2,4,9370.929735776832,0,4,1,1,0,4,2,36.857309004634956,2,1,1,2,1,0,0,1
963,489,1,53.70869256230126,3,0,5528.577018599344,1,3,4,3,1,2,1,26.541745652338573,2,1,2,1,1,1,0,2
964,32,3,9.756134206775538,4,0,1668.4155674326635,4,2,4,2,0,4,2,54.77728965371803,2,1,1,2,1,1,0,2
965,426,3,23.825032966714677,2,4,1444.3652382466807,0,2,4,2,0,4,2,29.421580425267955,2,1,1,2,1,0,0,1
966,627,3,28.824440755276285,4,1,4803.176756522625,4,4,4,2,0,4,3,27.68730361333626,2,1,1,2,1,0,0,2
967,110,1,22.21297839009343,2,0,6054.493166017018,4,0,4,2,0,4,1,44.06401246299184,2,1,1,3,1,1,0,2
968,478,3,9.148241571002945,2,4,1418.6503856113363,0,1,2,2,0,4,0,28.538138141504977,2,1,1,2,1,1,0,1
969,204,3,35.9997288205028,2,3,7384.23079779285,0,2,1,1,0,2,2,26.845666115995208,2,0,1,2,1,1,0,1
970,823,1,9.29866291654294,4,3,3426.859611864688,4,1,4,1,0,3,1,52.26859237088354,2,1,2,3,1,1,0,2
971,869,1,10.817471333887312,2,3,2241.369705435433,0,0,2,0,0,1,2,33.89212899503283,2,1,1,2,1,0,0,1
972,869,0,9.281721095976211,2,3,1011.3008406135673,0,1,4,1,0,3,1,35.5442042141461,2,0,1,2,1,1,0,2
973,823,1,8.85326824896216,2,0,962.8802868042208,0,1,3,3,0,4,1,27.007342980814983,2,1,1,2,1,0,0,2
974,321,1,17.999313212454318,1,3,1669.475800477117,1,1,3,1,0,1,3,35.43537274864588,0,1,1,2,1,1,0,1
975,821,0,17.999309287965296,2,0,1225.9735613057578,0,0,4,3,0,4,2,35.51477270206043,0,1,3,0,1,1,0,2
976,194,3,23.046812247152666,4,0,6563.834300118517,1,0,1,1,0,4,3,68.8662310063021,2,0,2,2,2,0,0,2
977,280,0,10.517413109564528,2,0,8713.279379126547,0,2,3,1,1,4,2,27.131870530771558,2,1,2,1,1,1,0,2
978,929,3,24.967352031219793,4,0,2856.8201906165446,0,2,4,2,0,3,0,35.73972611413511,2,1,2,2,1,0,0,1
979,595,3,10.47749026252064,4,4,1427.7093047243393,0,4,2,2,1,3,0,40.627415427536434,2,1,2,1,2,0,0,1
980,478,0,17.999435564875604,2,3,725.7924732001527,0,1,4,3,0,1,1,38.001251521234174,2,1,1,2,1,1,0,2
981,270,3,10.246067419692341,2,0,3608.5474253121,1,2,1,0,0,2,2,33.893304291661735,2,1,1,1,1,1,0,2
982,756,1,18.00003849456832,2,3,1820.1676366284328,0,1,3,3,0,4,1,26.244139257311012,0,1,1,1,1,0,0,1
983,722,0,7.781197443889637,4,0,786.0139125723426,0,2,3,2,0,4,0,42.36428837125964,2,1,2,2,2,0,0,1
984,963,3,23.17843592222097,4,4,2473.589165948931,4,4,4,2,0,4,0,41.4464006460249,2,1,2,2,1,1,0,1
985,478,3,9.085066012163013,2,4,1350.7232941091065,0,1,2,2,0,4,0,28.5899326517674,2,1,1,2,1,1,0,1
986,110,1,11.599267269870486,2,1,1551.3684880096746,0,2,4,2,0,2,3,51.236162535681366,2,1,1,2,1,1,0,1
987,602,1,23.49585023225964,4,4,3715.8858722644018,0,2,1,1,0,1,2,35.63847703196486,2,1,1,2,1,0,0,1
988,869,0,10.383050115283396,2,3,3737.9887385181437,0,2,1,1,0,4,1,25.733951112319865,2,0,1,2,1,0,0,1
989,917,0,47.922131210377486,3,0,5721.1928320613215,0,2,4,2,0,2,3,50.497529175148884,0,2,2,3,1,1,0,1
990,823,3,8.489945270131592,2,4,1300.9825565692463,0,1,2,2,0,4,0,28.56666212017841,2,1,1,2,1,1,0,1
991,426,3,8.45785348179276,2,0,1371.968554104253,0,3,4,2,0,1,0,29.45851428804747,2,1,1,2,1,1,0,1
992,433,2,19.492471556408113,2,3,1088.1916166749622,0,3,1,2,0,2,2,67.66131339591995,2,1,1,2,1,0,0,1
993,917,3,10.999310649931816,3,0,7786.166017086318,4,4,1,2,0,4,3,36.98979961057849,2,2,1,2,1,1,0,1
994,917,3,10.83459582302198,4,4,491.6536747386823,0,4,3,3,0,4,3,71.34143988108289,2,2,2,2,1,0,0,1
995,914,0,47.05599291034829,1,9,4794.621747939823,0,0,4,1,0,4,3,28.820484982716472,2,2,1,0,1,0,0,1
996,32,1,35.99989434679602,4,3,2808.047311566906,0,4,4,0,0,4,2,37.42420241560167,2,1,1,2,1,0,0,1
997,692,1,23.420884701163466,2,4,770.5197483457129,4,4,4,1,2,4,2,27.274942148230227,2,1,1,2,1,0,0,1
998,919,2,23.333736286528275,2,4,1461.7302421579764,0,3,1,1,0,4,0,24.86259577577909,2,0,1,2,1,0,0,1
999,917,0,17.999711764872075,2,1,2575.168643590156,0,4,4,2,0,4,3,36.815171671305166,2,2,1,2,1,1,0,1
